rms,std,min,max,mav,wfl,aac,zc,wamp,afb,label
0.26446927987953534,0.26446443995365426,-0.49,0.51,0.2176,5.91,0.24625,10,23,0.51,1
0.23524455360326624,0.23518707447476786,-0.43,0.39,0.20119999999999996,5.59,0.23291666666666666,10,24,0.39,1
9.75659284791571,9.741145854569677,-19.25,39.98,3.9960000000000004,92.66,3.8608333333333333,10,24,0.56,1
24.30082731101968,24.29830092496181,-54.21,51.32,17.462400000000002,386.86,16.11916666666667,7,23,54.21,1
2.118346525004821,2.1082673075300487,-4.38,4.14,1.7104,29.68,1.2366666666666666,6,24,4.38,1
0.37995789240388206,0.3789247946492813,-0.81,0.64,0.31679999999999997,6.300000000000001,0.2625,6,24,0.81,1
0.31941822114588264,0.31920751870844144,-0.6,0.51,0.2516,6.19,0.2579166666666667,7,23,0.6,1
0.2735543821619387,0.2735356649506605,-0.48,0.42,0.2408,6.5200000000000005,0.27166666666666667,9,24,0.37,1
0.18737128915604973,0.18731961990138674,-0.35,0.46,0.1572,3.91,0.16291666666666668,8,24,0.46,1
0.2673948391424188,0.2672628668558354,-0.55,0.45,0.2308,6.040000000000001,0.2516666666666667,9,24,0.32,1
0.40099875311526845,0.4004165830731789,-0.66,0.68,0.332,8.73,0.36375,8,24,0.62,1
0.27209557144503477,0.2718811505051426,-0.53,0.47,0.23559999999999998,6.220000000000001,0.2591666666666667,9,24,0.3,1
0.23388031127053,0.23386354996022787,-0.41,0.48,0.19880000000000003,5.5600000000000005,0.2316666666666667,9,23,0.48,1
0.2605762844159077,0.26050719759730245,-0.51,0.43,0.218,5.31,0.22124999999999997,7,23,0.51,1
0.22168446043870552,0.2216483701722167,-0.39,0.41,0.19599999999999998,5.0600000000000005,0.21083333333333334,9,23,0.41,1
0.2761448895054913,0.27613446000092057,-0.56,0.49,0.2104,5.48,0.22833333333333336,8,23,0.44,1
0.21895204954510017,0.21889029215568243,-0.38,0.39,0.17880000000000001,4.42,0.18416666666666667,8,23,0.38,1
0.2321206582792665,0.23209859973726685,-0.38,0.54,0.1968,5.26,0.21916666666666665,10,24,0.36,1
25.242834468418955,25.241865274975225,-54.24,51.36,16.750799999999998,372.77,15.532083333333333,8,23,4.42,1
7.28965787948927,7.288266888636832,-17.92,10.61,5.806399999999999,107.97,4.49875,6,24,17.92,1
1.0160472429961118,1.0153213481455023,-2.39,2.09,0.7848,15.35,0.6395833333333333,6,24,2.39,1
0.37712597364806366,0.37705723703437916,-0.66,0.66,0.31120000000000003,7.890000000000001,0.32875000000000004,8,24,0.66,1
0.2495035069893808,0.24946470692264266,-0.46,0.44,0.21,6.050000000000001,0.2520833333333334,11,24,0.33,1
0.3730576362976638,0.37305570629599005,-0.93,0.84,0.28759999999999997,6.41,0.26708333333333334,8,23,0.93,0
0.23157720095035264,0.2313611894851857,-0.35,0.44,0.18599999999999997,4.93,0.20541666666666666,9,23,0.27,0
0.26914680009244024,0.269002899612625,-0.5,0.52,0.23120000000000002,5.859999999999999,0.24416666666666664,10,24,0.52,0
0.22834184898962342,0.22821533690793,-0.45,0.48,0.1724,4.790000000000001,0.19958333333333336,10,24,0.24,0
0.24451584815712868,0.24451290354498678,-0.58,0.46,0.1932,5.13,0.21375,10,24,0.58,0
0.2382015952927268,0.23757979712088317,-0.4,0.45,0.19960000000000006,5.45,0.22708333333333333,8,24,0.26,0
0.3161392098427527,0.3160572100110991,-0.53,0.57,0.2792,6.83,0.28458333333333335,9,24,0.57,0
0.28753434577455267,0.28753406754678656,-0.51,0.57,0.24520000000000003,5.96,0.24833333333333332,7,23,0.57,0
0.1740919297382851,0.17398850536745236,-0.34,0.3,0.1484,4.02,0.16749999999999998,10,23,0.34,0
0.2794637722496424,0.2793810301362639,-0.51,0.6,0.22759999999999997,5.6899999999999995,0.2370833333333333,8,23,0.6,0
0.2573480133981998,0.25647331245180266,-0.52,0.48,0.20120000000000002,4.83,0.20125,10,23,0.52,0
0.13072107710694555,0.13036809425622511,-0.23,0.22,0.1168,2.95,0.12291666666666667,9,23,0.18,0
0.20846102753272613,0.20778296369048163,-0.32,0.47,0.1784,4.57,0.19041666666666668,9,23,0.23,0
0.24919871588754225,0.24842672964075344,-0.48,0.37,0.214,5.91,0.24625,11,24,0.48,0
0.11036303729057116,0.10975171980429282,-0.19,0.22,0.0964,2.21,0.09208333333333334,8,22,0.2,0
0.14309437445266673,0.14302671079207546,-0.21,0.25,0.12360000000000002,2.73,0.11375,8,23,0.25,0
0.21787152177372793,0.217809458013191,-0.34,0.45,0.17800000000000002,4.67,0.19458333333333333,9,24,0.25,0
0.26867080228413354,0.26859456435304124,-0.46,0.49,0.22799999999999998,6.33,0.26375,10,24,0.49,0
0.25126878039263056,0.25094254322453974,-0.49,0.33,0.2224,6.33,0.26375,10,24,0.49,0
0.22621228967498652,0.22599115026920857,-0.4,0.39,0.19720000000000001,5.4,0.225,10,23,0.36,0
0.2608217782318033,0.25982332458807467,-0.48,0.6,0.21559999999999999,5.2,0.21666666666666667,9,24,0.36,0
0.2838379819544946,0.2836888436297769,-0.62,0.56,0.2324,6.220000000000001,0.2591666666666667,10,23,0.62,0
0.23504042205544134,0.23489027225494036,-0.38,0.39,0.2052,5.5200000000000005,0.23,9,24,0.39,0
0.2780935094532054,0.2780750977703685,-0.44,0.5,0.244,6.92,0.28833333333333333,10,24,0.38,0
0.2004993765576342,0.20013995103427,-0.4,0.31,0.17600000000000002,4.94,0.20583333333333334,11,23,0.4,0
0.3528512434440327,0.35272062599173304,-0.7,0.72,0.28319999999999995,7.619999999999999,0.31749999999999995,9,23,0.31,0
0.21006665608801411,0.20939379169402325,-0.39,0.4,0.1784,4.5,0.1875,8,22,0.4,0
0.27774808730214506,0.2777066077715833,-0.5,0.5,0.23119999999999996,6.24,0.26,11,24,0.5,0
0.14514820012662918,0.14498882715575018,-0.3,0.28,0.11480000000000003,3.16,0.13166666666666668,10,22,0.2,0
0.17948816116947658,0.17948816116947658,-0.28,0.36,0.152,4.09,0.17041666666666666,10,23,0.36,0
0.21444812892632104,0.2144477558754113,-0.4,0.4,0.17800000000000002,4.75,0.19791666666666666,10,23,0.38,0
0.30318970958790803,0.3029972937172872,-0.58,0.62,0.2372,6.42,0.2675,10,24,0.58,0
0.24947144125129833,0.2493992782667985,-0.48,0.52,0.1852,5.09,0.21208333333333332,10,24,0.25,0
0.15070500987027605,0.15065191668213188,-0.26,0.29,0.12639999999999998,3.3,0.13749999999999998,10,23,0.26,0
0.1694579593881621,0.1694574872940113,-0.33,0.39,0.1332,3.6500000000000004,0.15208333333333335,11,24,0.39,0
0.22699779734614167,0.22679470893299078,-0.42,0.44,0.1968,5.2,0.21666666666666667,9,23,0.28,0
0.21278157814998927,0.21264580879951528,-0.45,0.33,0.18200000000000002,4.83,0.20125,10,24,0.31,0
0.24391801901458612,0.24381173064477435,-0.51,0.48,0.20320000000000005,4.9799999999999995,0.2075,8,24,0.34,0
0.24214045510818716,0.24166290571786148,-0.41,0.43,0.20400000000000001,5.01,0.20875,7,24,0.41,0
0.18354291051413563,0.1832916801166927,-0.28,0.31,0.16319999999999996,4.33,0.18041666666666667,9,24,0.31,0
0.33901622380057267,0.3385796213595851,-0.55,0.6,0.2884,7.680000000000001,0.32,9,24,0.48,0
0.29718008008613234,0.29672721479500325,-0.63,0.51,0.2388,6.5600000000000005,0.2733333333333334,11,23,0.63,0
0.23259406699226015,0.23258546816170608,-0.45,0.41,0.19079999999999997,5.24,0.21833333333333335,10,24,0.34,0
0.22031795206019866,0.2202740111769884,-0.34,0.36,0.1892,5.050000000000001,0.2104166666666667,11,24,0.36,0
0.23753736548172796,0.23747134563984768,-0.39,0.43,0.2008,4.800000000000001,0.20000000000000004,7,23,0.43,0
0.18660117898877274,0.18658017043619615,-0.38,0.35,0.16200000000000003,3.79,0.15791666666666668,8,22,0.35,0
0.18615047676543833,0.18613973245924686,-0.36,0.42,0.15720000000000003,3.9000000000000004,0.1625,9,24,0.27,0
0.21559220765138984,0.21556845780401176,-0.42,0.43,0.172,4.970000000000001,0.20708333333333337,11,24,0.2,0
0.1776175666987925,0.17754143178424578,-0.32,0.3,0.1564,4.050000000000001,0.16875000000000004,9,23,0.3,0
0.23801680612931514,0.23773396896531218,-0.44,0.49,0.2004,5.14,0.21416666666666664,8,23,0.32,0
0.27810789273229913,0.2780664668743788,-0.44,0.45,0.2456,6.57,0.27375,9,24,0.4,0
0.1944530791733574,0.1944329190235028,-0.38,0.34,0.16279999999999997,4.28,0.17833333333333334,9,23,0.38,0
0.19491536624904665,0.19490059004528437,-0.35,0.41,0.17279999999999998,4.15,0.1729166666666667,8,24,0.41,0
0.2819219750214587,0.2817584781333119,-0.49,0.49,0.23440000000000003,5.67,0.23625,9,23,0.49,0
0.3083958495181153,0.3082336775889358,-0.58,0.6,0.26599999999999996,7.279999999999999,0.3033333333333333,9,24,0.41,0
0.22187383802512634,0.22152706380936846,-0.33,0.35,0.19080000000000003,5.45,0.22708333333333333,10,24,0.35,0
0.14639672127476078,0.14596766765280592,-0.24,0.31,0.1208,2.63,0.10958333333333332,9,22,0.26,0
0.2320258606276464,0.23202551583823705,-0.41,0.48,0.18999999999999997,4.82,0.20083333333333334,8,23,0.29,0
0.2247398496039365,0.22471101441629424,-0.41,0.36,0.18600000000000003,4.949999999999999,0.20624999999999996,8,23,0.41,0
0.18531055015837603,0.1853101184501267,-0.3,0.27,0.16440000000000002,3.83,0.15958333333333333,8,24,0.3,0
0.30707653769052434,0.30657175342813303,-0.52,0.49,0.276,7.140000000000001,0.29750000000000004,8,24,0.49,0
0.18163700063588367,0.18034810783592933,-0.31,0.32,0.15200000000000002,3.12,0.13,7,21,0.31,0
0.1258570617804182,0.12542663194074855,-0.27,0.25,0.09919999999999998,2.76,0.11499999999999999,12,24,0.27,0
0.133566462856512,0.13355687926872206,-0.28,0.24,0.10080000000000001,2.49,0.10375000000000001,9,21,0.23,0
0.19191664857432247,0.1917147881619986,-0.41,0.36,0.1616,4.390000000000001,0.1829166666666667,10,24,0.36,0
0.35030843552503843,0.3503027262240475,-0.67,0.65,0.286,8.15,0.33958333333333335,10,24,0.67,0
0.2593915958546074,0.2593221934196917,-0.46,0.51,0.2084,5.67,0.23625,10,24,0.51,0
0.2937345740630476,0.29368118768487705,-0.48,0.63,0.24639999999999998,6.91,0.28791666666666665,11,24,0.48,0
0.31590504902581096,0.31543645952869814,-0.63,0.49,0.27880000000000005,7.97,0.33208333333333334,10,24,0.63,0
0.23700632902941643,0.23625951832677555,-0.34,0.51,0.19479999999999997,4.41,0.18375,9,24,0.51,0
0.3077531478311798,0.30762730698037843,-0.54,0.49,0.26160000000000005,7.29,0.30375,11,24,0.53,0
0.34722903104435265,0.34709629787711654,-0.58,0.6,0.2976,7.869999999999999,0.32791666666666663,9,24,0.6,0
0.19062004091910167,0.19029072494475394,-0.37,0.38,0.1632,3.3499999999999996,0.1395833333333333,7,24,0.26,0
0.3545983643504296,0.3527251621305177,-0.63,0.58,0.29319999999999996,7.890000000000001,0.32875000000000004,9,24,0.52,0
0.28694250295137524,0.2868521570426132,-0.54,0.62,0.2384,5.66,0.23583333333333334,8,22,0.62,0
0.25344032828261565,0.2533948697191796,-0.44,0.52,0.20639999999999997,5.18,0.21583333333333332,9,23,0.52,0
0.30239708993308784,0.30228039962921843,-0.49,0.55,0.254,6.66,0.2775,9,24,0.44,0
0.22271955459725576,0.222716321808708,-0.44,0.42,0.174,4.2700000000000005,0.1779166666666667,6,24,0.44,0
0.14911740341086951,0.14905247398148075,-0.21,0.32,0.12120000000000002,2.79,0.11625,8,21,0.32,0
0.1932149062572554,0.19270703152713448,-0.31,0.38,0.1716,4.16,0.17333333333333334,9,23,0.26,0
0.24300617276110498,0.24169600741427236,-0.37,0.49,0.21400000000000002,5.79,0.24125,8,23,0.37,1
0.25856527222347553,0.25848605378240425,-0.53,0.49,0.2224,5.82,0.24250000000000002,10,24,0.38,1
0.3363985731242034,0.3363298381053932,-0.59,0.53,0.2916,7.36,0.3066666666666667,9,22,0.49,1
0.17628386199536247,0.17572706109191039,-0.45,0.27,0.1436,3.88,0.16166666666666665,11,23,0.45,1
0.23894769302087854,0.23894769302087854,-0.5,0.45,0.19839999999999997,4.83,0.20125,9,24,0.29,1
0.16230834852218787,0.16230046210655102,-0.33,0.26,0.1408,3.3899999999999997,0.14125,8,23,0.23,1
0.12862348152650824,0.12853388658248843,-0.22,0.26,0.10400000000000001,2.2800000000000002,0.09500000000000001,7,23,0.22,1
0.19657059800488985,0.19655594623414474,-0.42,0.34,0.1672,3.8400000000000003,0.16,7,23,0.32,1
0.2706732347314747,0.27055498516937365,-0.53,0.57,0.22800000000000004,5.33,0.22208333333333333,7,23,0.32,1
0.23655866080107912,0.2364720702324061,-0.42,0.48,0.20240000000000002,5.75,0.23958333333333334,9,24,0.25,1
0.2913348588823521,0.29107085048145925,-0.58,0.57,0.2388,6.08,0.25333333333333335,10,23,0.58,1
0.1352922762023021,0.135270987281087,-0.31,0.26,0.0968,2.4000000000000004,0.10000000000000002,9,24,0.05,1
0.16855859515313956,0.16826170093042564,-0.26,0.24,0.15080000000000002,3.16,0.13166666666666668,7,23,0.24,1
0.2726389553970599,0.27258936149453816,-0.57,0.62,0.21400000000000002,6.069999999999999,0.2529166666666666,11,23,0.33,1
0.31495396489010896,0.314933389782665,-0.64,0.64,0.2596,6.7,0.2791666666666667,9,24,0.64,1
0.14587666023048376,0.14584155786331962,-0.36,0.32,0.11599999999999999,2.69,0.11208333333333333,8,23,0.1,1
0.19855477833585372,0.19852899032635005,-0.35,0.36,0.16560000000000002,4.71,0.19625,11,23,0.36,1
0.20362711017936683,0.20327321515635058,-0.37,0.37,0.17679999999999998,4.74,0.1975,9,24,0.37,1
0.2862027253539001,0.2862027253539001,-0.49,0.47,0.25680000000000003,5.6,0.2333333333333333,7,24,0.42,1
0.23687127305775174,0.23679527022303465,-0.47,0.47,0.18599999999999997,4.9,0.2041666666666667,10,23,0.47,1
0.242816803372419,0.24238943871381854,-0.57,0.5,0.19440000000000002,4.6899999999999995,0.19541666666666666,9,23,0.57,1
0.3008787131054638,0.30067018475399254,-0.46,0.46,0.2696,7.050000000000001,0.29375,9,24,0.46,1
0.30254255898964033,0.30254017914981146,-0.55,0.53,0.2484,6.6,0.27499999999999997,9,23,0.55,1
0.2983152694717453,0.2976967584640451,-0.5,0.49,0.26080000000000003,7.1,0.29583333333333334,9,24,0.5,1
0.2684399374161751,0.26843963939776105,-0.49,0.54,0.21960000000000002,6.08,0.25333333333333335,11,24,0.31,1
0.3848636122056748,0.38485030856165364,-0.76,0.8,0.3208,8.5,0.3541666666666667,8,23,0.48,1
0.19680447149391703,0.19680081300645075,-0.37,0.38,0.1668,4.47,0.18625,11,23,0.37,1
0.18067650649710937,0.18064063773138092,-0.3,0.33,0.154,4.34,0.18083333333333332,10,24,0.3,1
0.34024696912683877,0.33997505790866483,-0.63,0.6,0.2888,7.8999999999999995,0.32916666666666666,8,24,0.63,1
0.19118577352930843,0.19090269772845014,-0.45,0.38,0.1464,3.4300000000000006,0.1429166666666667,10,24,0.19,1
0.22076231562474605,0.22075651745758268,-0.36,0.47,0.18639999999999998,4.32,0.18000000000000002,7,24,0.47,1
0.1559230579484638,0.1559230579484638,-0.27,0.32,0.1344,3.72,0.155,10,23,0.23,1
0.18842505141302204,0.18809189243558586,-0.28,0.38,0.1616,3.94,0.16416666666666666,9,24,0.27,1
0.22315913604421397,0.22258481529520383,-0.41,0.34,0.18959999999999996,5.25,0.21875,9,24,0.41,1
0.20202970078679025,0.2019520735224078,-0.38,0.43,0.1552,4.050000000000001,0.16875000000000004,10,24,0.43,1
0.21423351745233518,0.2141124937970692,-0.37,0.36,0.1864,4.99,0.20791666666666667,9,24,0.33,1
0.22168446043870552,0.22168301694085635,-0.45,0.45,0.168,4.34,0.18083333333333332,8,23,0.45,1
0.15988746042138513,0.15966665274878158,-0.34,0.33,0.13240000000000002,3.0700000000000003,0.12791666666666668,8,23,0.27,1
0.22741152125607003,0.22735206178963938,-0.44,0.45,0.1668,4.53,0.18875,14,24,0.26,1
0.20426453436659042,0.204264142717218,-0.49,0.39,0.1588,3.93,0.16375,8,23,0.39,1
0.17437889780589852,0.17411444512159235,-0.29,0.28,0.14880000000000002,4.19,0.17458333333333334,10,23,0.29,1
0.1977776529337933,0.19763157642441656,-0.39,0.37,0.16680000000000003,4.68,0.19499999999999998,11,23,0.18,1
0.31910499839394557,0.3189221848664655,-0.59,0.59,0.25799999999999995,7.17,0.29875,10,23,0.59,1
0.23406836608136522,0.23381907535528407,-0.46,0.49,0.19159999999999996,5.25,0.21875,10,23,0.46,1
0.34090467875932706,0.34087088464695836,-0.69,0.63,0.256,6.3,0.2625,8,23,0.48,1
0.262007633476584,0.261963661602139,-0.5,0.52,0.20720000000000002,5.57,0.23208333333333334,10,23,0.52,1
0.17966635745180565,0.17920982115944428,-0.29,0.32,0.15839999999999999,4.26,0.1775,10,24,0.27,1
0.2143361845326169,0.21420140055564527,-0.49,0.43,0.1772,4.5,0.1875,9,23,0.23,1
0.1822525719983123,0.18218935204890543,-0.32,0.32,0.1504,4.01,0.16708333333333333,9,24,0.32,1
0.1275774274705365,0.1274714085589392,-0.27,0.25,0.09880000000000001,2.6900000000000004,0.11208333333333335,8,23,0.24,1
0.14770240350109404,0.14721412975662357,-0.28,0.25,0.1232,2.67,0.11125,8,23,0.21,1
0.15381807436059,0.15375512999571755,-0.38,0.3,0.12119999999999999,2.71,0.11291666666666667,9,24,0.3,1
0.20273134932713294,0.20272148381461694,-0.34,0.4,0.1612,3.92,0.16333333333333333,7,23,0.4,1
0.23629642401018258,0.23623920081138103,-0.52,0.37,0.1972,5.300000000000001,0.22083333333333335,10,24,0.37,1
0.2795424833544984,0.2788261106854952,-0.55,0.6,0.228,5.76,0.24,9,24,0.6,1
0.26122786987609115,0.26118376672373805,-0.45,0.54,0.21600000000000003,6.04,0.25166666666666665,10,23,0.36,1
0.26799253720952754,0.26774136774133356,-0.45,0.53,0.218,5.68,0.23666666666666666,9,23,0.53,1
0.19949937343260005,0.19949776941108893,-0.33,0.35,0.1704,4.33,0.18041666666666667,9,24,0.35,1
0.30441419152201166,0.30435505581475064,-0.67,0.65,0.24999999999999997,6.51,0.27125,9,24,0.42,1
0.36852679685471995,0.3684484224420021,-0.59,0.65,0.32520000000000004,8.55,0.35625,9,24,0.49,1
0.28919889349719163,0.2884208036879448,-0.47,0.48,0.2484,6.8500000000000005,0.2854166666666667,10,23,0.42,1
0.17662389419328292,0.1762933918217016,-0.26,0.28,0.154,3.5300000000000002,0.14708333333333334,8,22,0.24,1
0.27274163598541384,0.2727389961116672,-0.5,0.56,0.22440000000000002,6.14,0.2558333333333333,11,24,0.45,1
0.17396551382386108,0.17384774948212586,-0.36,0.34,0.1456,3.77,0.15708333333333332,10,23,0.28,1
0.20834586628968665,0.2083212903185846,-0.49,0.45,0.16240000000000002,4.08,0.17,11,24,0.37,1
0.23364930986416374,0.23364794028623492,-0.39,0.4,0.20640000000000003,5.65,0.2354166666666667,10,24,0.4,1
0.2133166660155741,0.21293228970731518,-0.46,0.44,0.1784,4.85,0.2020833333333333,9,23,0.46,1
0.27696209126882326,0.2769618024204782,-0.62,0.55,0.21559999999999999,5.92,0.24666666666666667,10,24,0.19,1
0.26306653150866605,0.262335357891383,-0.53,0.42,0.218,5.380000000000001,0.2241666666666667,8,23,0.39,1
0.22661862235924035,0.2266182693429636,-0.37,0.51,0.17800000000000002,4.28,0.17833333333333334,8,22,0.51,1
0.38448927163186236,0.38373949497022064,-0.78,0.7,0.3224,8.72,0.36333333333333334,9,24,0.5,1
0.19767650340897877,0.1972872018150189,-0.45,0.31,0.1636,4.630000000000001,0.1929166666666667,12,24,0.45,1
0.19346317479044947,0.19344291147519466,-0.36,0.34,0.158,4.220000000000001,0.17583333333333337,11,23,0.36,1
0.28051381427658784,0.2804579112808195,-0.53,0.51,0.2304,6.36,0.265,10,24,0.27,1
0.41188833438202643,0.41188814015458136,-0.76,0.81,0.3404,9.78,0.4075,10,24,0.53,1
0.2891366458960192,0.28913221888955926,-0.5,0.52,0.25120000000000003,7.130000000000001,0.29708333333333337,10,24,0.52,1
0.17683890974556477,0.1758790493492616,-0.3,0.36,0.14559999999999998,3.91,0.16291666666666668,11,23,0.3,1
0.17561321134812152,0.1752027397046062,-0.39,0.37,0.13759999999999997,3.6999999999999997,0.15416666666666665,9,24,0.39,1
0.13055267136294071,0.13003630262353663,-0.24,0.28,0.106,2.4,0.09999999999999999,9,23,0.17,1
0.17126587517658035,0.17116074316267735,-0.36,0.32,0.1508,3.71,0.15458333333333332,9,24,0.36,1
0.22193692797729717,0.22172920421090228,-0.36,0.41,0.19760000000000005,5.57,0.23208333333333334,10,24,0.27,1
0.2975029411619321,0.29724441121743567,-0.53,0.54,0.23959999999999998,6.41,0.26708333333333334,10,23,0.29,1
0.3446389415025528,0.34448198791809126,-0.69,0.65,0.28479999999999994,7.21,0.30041666666666667,9,24,0.45,1
0.17995555006723188,0.17916964028540103,-0.31,0.45,0.1448,4.01,0.16708333333333333,9,23,0.21,0
0.20212867188996222,0.20177214872226543,-0.42,0.36,0.17119999999999996,3.7,0.15416666666666667,6,23,0.42,0
0.24781444671366518,0.24781154129701063,-0.5,0.51,0.2132,5.19,0.21625000000000003,10,23,0.34,0
0.23954957733212556,0.2389597455639757,-0.49,0.56,0.19119999999999998,5.09,0.21208333333333332,10,24,0.56,0
0.17161585008384278,0.1714474846709627,-0.3,0.27,0.1452,3.37,0.14041666666666666,8,23,0.3,0
0.34083427057735843,0.34078826270867957,-0.74,0.7,0.26239999999999997,7.010000000000001,0.29208333333333336,11,23,0.24,0
0.2245707015618912,0.22429123924041258,-0.51,0.46,0.1856,4.950000000000001,0.20625000000000004,10,24,0.22,0
0.31123624467596955,0.3109212118849404,-0.6,0.54,0.2692,7.33,0.30541666666666667,10,24,0.36,0
0.26630809225406576,0.2658739550990281,-0.62,0.5,0.21679999999999996,4.84,0.20166666666666666,6,23,0.5,0
0.19019989484749986,0.1898698501605771,-0.33,0.34,0.16,3.9800000000000004,0.16583333333333336,9,23,0.32,0
0.10480458005259122,0.10449880382090505,-0.24,0.19,0.08560000000000001,2.33,0.09708333333333334,10,22,0.24,0
0.24716795908855174,0.24716763542179224,-0.41,0.5,0.20920000000000002,4.86,0.2025,7,23,0.5,0
0.3282072515956953,0.3281448460664894,-0.54,0.64,0.28,7.82,0.32583333333333336,11,23,0.39,0
0.2667508200549719,0.26664253224120116,-0.57,0.63,0.21239999999999998,5.66,0.23583333333333334,10,24,0.57,0
0.2991655060330318,0.2985227629511693,-0.77,0.66,0.2372,6.109999999999999,0.25458333333333333,9,23,0.77,0
0.22696255197719292,0.2269569122102255,-0.47,0.55,0.17279999999999998,4.6000000000000005,0.19166666666666668,9,23,0.16,0
0.32507229965040085,0.32467830232400813,-0.6,0.63,0.2736,7.800000000000001,0.325,10,24,0.33,0
0.268559118258904,0.2681056508169867,-0.48,0.47,0.23,6.1899999999999995,0.2579166666666666,9,24,0.48,0
0.29187668629063196,0.2916617218628458,-0.51,0.57,0.24720000000000003,7.069999999999999,0.2945833333333333,10,23,0.32,0
0.3046374894854538,0.30460571235615397,-0.56,0.5,0.2708,7.140000000000001,0.29750000000000004,9,24,0.56,0
0.21166955378608424,0.211666152230346,-0.38,0.46,0.1804,4.48,0.18666666666666668,10,23,0.27,0
0.17138261288707207,0.17138214609462676,-0.4,0.29,0.138,3.88,0.16166666666666665,10,24,0.26,0
0.3588927416373867,0.3575686787178094,-0.73,0.74,0.2932,7.029999999999999,0.29291666666666666,10,23,0.73,0
0.3167143823699833,0.31643918847070757,-0.66,0.57,0.2548,6.75,0.28125,9,23,0.38,0
0.2569591407208547,0.2569339214662011,-0.46,0.44,0.2164,6.260000000000001,0.26083333333333336,9,24,0.37,0
0.20109699152399074,0.20086771766513403,-0.4,0.41,0.168,4.55,0.18958333333333333,8,24,0.34,0
0.28495613697550015,0.28463141077540965,-0.61,0.62,0.2184,6.24,0.26,11,23,0.35,0
0.3596553906171851,0.3564379328859374,-0.64,0.58,0.3144,7.590000000000001,0.31625000000000003,8,24,0.64,0
0.25179356624028343,0.2515074551578939,-0.45,0.47,0.21760000000000002,5.54,0.23083333333333333,7,24,0.47,0
0.2841126537132762,0.2841126537132762,-0.48,0.48,0.24559999999999998,6.42,0.2675,8,24,0.48,0
0.1900526242912736,0.18956539768639213,-0.26,0.42,0.1552,3.9800000000000004,0.16583333333333336,11,22,0.38,0
0.19513072541247828,0.19506142622261327,-0.43,0.38,0.154,3.71,0.15458333333333332,8,24,0.43,0
0.25180150912971117,0.2516333841126809,-0.5,0.4,0.22039999999999998,6.289999999999999,0.2620833333333333,10,24,0.38,0
0.23337523433303714,0.23323807579381203,-0.41,0.44,0.20240000000000002,5.43,0.22624999999999998,10,24,0.44,0
0.2514358765172544,0.2511299265320643,-0.44,0.43,0.21,5.92,0.24666666666666667,11,24,0.43,0
0.16131955864060626,0.1584292902212214,-0.26,0.42,0.1288,2.61,0.10875,6,23,0.42,0
0.2895444698142239,0.2890331468880343,-0.58,0.52,0.24680000000000002,6.2,0.25833333333333336,9,24,0.58,0
0.24384421256203725,0.24372574751141907,-0.51,0.52,0.198,5.01,0.20875,10,22,0.52,0
0.20140506448448606,0.20111529031876219,-0.37,0.29,0.17720000000000002,5.0600000000000005,0.21083333333333334,10,22,0.37,0
0.19313207915827968,0.19312835110361193,-0.36,0.38,0.1684,4.57,0.19041666666666668,9,24,0.27,0
0.2565306999171834,0.2562498780487515,-0.57,0.57,0.21280000000000002,5.83,0.24291666666666667,9,24,0.28,0
0.20122624083354537,0.2001063717126469,-0.35,0.41,0.16519999999999999,4.180000000000001,0.1741666666666667,10,24,0.41,0
0.28858967410494785,0.28846739850457975,-0.45,0.54,0.25239999999999996,7.120000000000001,0.2966666666666667,10,24,0.54,0
0.25202380839912725,0.25202095150998854,-0.44,0.49,0.21719999999999998,5.9,0.24583333333333335,10,24,0.49,0
0.23231874655309243,0.2322192067853131,-0.41,0.42,0.19079999999999994,5.2299999999999995,0.21791666666666665,10,24,0.28,0
0.2509183134009951,0.25089790752415614,-0.41,0.47,0.2192,6.01,0.2504166666666667,10,24,0.47,0
0.1945970195044107,0.19390471886986144,-0.33,0.43,0.1628,3.8499999999999996,0.16041666666666665,8,23,0.43,0
0.29369371801249,0.29366647748764246,-0.47,0.53,0.24559999999999998,6.85,0.28541666666666665,10,24,0.51,0
0.20605824419323776,0.2060547500059147,-0.39,0.33,0.1708,4.83,0.20125,12,23,0.28,0
0.1589339485446706,0.15892941829629906,-0.31,0.28,0.1396,3.76,0.15666666666666665,10,24,0.25,0
0.20392155354449418,0.20392155354449418,-0.33,0.4,0.17679999999999998,4.950000000000001,0.20625000000000004,10,23,0.4,0
0.29051678092667904,0.29030080950627746,-0.53,0.56,0.24479999999999996,6.630000000000001,0.27625000000000005,10,24,0.48,0
0.21623135757794246,0.2162013875996174,-0.4,0.38,0.18599999999999997,4.47,0.18625,8,24,0.28,0
0.24732165291377137,0.24732035904874472,-0.49,0.45,0.21599999999999997,5.73,0.23875000000000002,9,24,0.37,0
0.22109726366465957,0.22109400715532748,-0.39,0.42,0.19160000000000005,4.95,0.20625000000000002,8,24,0.42,0
0.28122588785529684,0.2812156467908569,-0.56,0.48,0.22719999999999999,5.35,0.22291666666666665,10,24,0.56,0
0.2144667806444625,0.21443656404633982,-0.39,0.38,0.18600000000000003,4.720000000000001,0.19666666666666668,9,24,0.31,0
0.1251718818265508,0.12517124270374566,-0.25,0.24,0.10760000000000002,2.24,0.09333333333333334,8,24,0.24,0
0.29479484391691796,0.29479050188226896,-0.49,0.53,0.264,6.92,0.28833333333333333,9,24,0.53,0
0.21544372815192372,0.21540659228538014,-0.41,0.37,0.1848,4.96,0.20666666666666667,9,24,0.33,0
0.38602590586643276,0.38600518131237566,-0.81,0.71,0.33440000000000003,8.33,0.34708333333333335,9,24,0.81,0
0.2543462207307197,0.2540815617080468,-0.46,0.52,0.21720000000000003,5.4,0.225,8,24,0.42,0
0.28491402211895434,0.28426635397106004,-0.62,0.56,0.23360000000000003,5.8500000000000005,0.24375000000000002,9,23,0.48,0
0.3240432069956104,0.324037034920393,-0.55,0.62,0.2868,6.880000000000001,0.2866666666666667,10,21,0.62,0
0.26881964213948356,0.2687898807619067,-0.52,0.51,0.2176,6.05,0.2520833333333333,9,24,0.52,0
0.2794208295743179,0.2794068002035741,-0.43,0.42,0.2444,6.96,0.29,11,24,0.39,0
0.19808079159777203,0.19808038772175302,-0.33,0.35,0.16920000000000002,4.390000000000001,0.1829166666666667,10,24,0.35,0
0.2051438519673451,0.20476874761545033,-0.39,0.45,0.166,4.57,0.19041666666666668,10,24,0.3,0
0.24832237112270011,0.2482759754789013,-0.45,0.45,0.20400000000000001,5.03,0.20958333333333334,9,24,0.45,0
0.34384298742303876,0.34358952254106934,-0.72,0.75,0.286,7.4399999999999995,0.31,10,24,0.39,0
0.2548960572468707,0.2536473141982781,-0.37,0.51,0.222,6.22,0.25916666666666666,11,24,0.51,0
0.21621285808202992,0.21564934500248314,-0.45,0.44,0.17720000000000002,4.17,0.17375,8,23,0.33,0
0.2238213573366045,0.2237698817982438,-0.44,0.48,0.18799999999999997,5.2,0.21666666666666667,10,24,0.22,0
0.21621285808202992,0.2161828855390731,-0.42,0.43,0.18200000000000002,5.07,0.21125000000000002,10,24,0.19,0
0.2253619311241364,0.22531897390144487,-0.36,0.38,0.20119999999999996,5.57,0.23208333333333334,10,23,0.31,0
0.23942430954270286,0.23918060122008225,-0.56,0.56,0.1892,4.92,0.205,10,23,0.28,0
0.30392762296309955,0.30378834737362787,-0.56,0.5,0.2652,7.5600000000000005,0.315,11,24,0.36,0
0.25535857142457546,0.25533852039988014,-0.48,0.44,0.21200000000000002,5.92,0.24666666666666667,11,24,0.35,0
0.23371777852786468,0.2336958707380171,-0.49,0.52,0.1888,4.99,0.20791666666666667,10,24,0.29,0
0.17141761869772895,0.17087726589572996,-0.54,0.36,0.12480000000000001,3.3,0.13749999999999998,11,24,0.14,0
0.2921369541841634,0.2920668416647121,-0.47,0.56,0.2368,6.200000000000001,0.25833333333333336,11,24,0.54,0
0.3595330304714714,0.3595107786979411,-0.75,0.77,0.30400000000000005,7.930000000000001,0.3304166666666667,10,22,0.75,0
0.21708984315255286,0.21680073800612396,-0.39,0.44,0.1864,4.74,0.1975,8,24,0.44,0
0.16509391266791154,0.16499890908730275,-0.36,0.3,0.14,3.76,0.15666666666666665,10,23,0.18,0
0.15900943368240766,0.15892438453553942,-0.33,0.34,0.1348,3.41,0.14208333333333334,8,23,0.26,0
0.19695684806576286,0.19687722062239704,-0.43,0.41,0.15839999999999999,3.85,0.16041666666666668,9,24,0.43,0
0.28742303317583995,0.28736040089058895,-0.44,0.52,0.23320000000000005,6.19,0.2579166666666667,9,23,0.45,0
0.2503277851138383,0.2503073310951959,-0.55,0.49,0.2104,6.000000000000001,0.25000000000000006,10,24,0.55,0
0.2293032926061028,0.2293029437229274,-0.51,0.41,0.198,5.4,0.225,10,24,0.31,0
0.2822764602300376,0.2822209063836342,-0.53,0.5,0.2384,6.78,0.28250000000000003,10,23,0.53,0
0.2607987730032486,0.2607987730032486,-0.52,0.46,0.22719999999999999,6.42,0.2675,10,24,0.33,0
0.30175486740067675,0.30175380693538895,-0.62,0.56,0.26,7.289999999999999,0.30374999999999996,10,23,0.32,0
0.21128180233990812,0.21109846043967256,-0.36,0.42,0.18,4.76,0.19833333333333333,10,23,0.42,0
0.23884723151001772,0.23881373494839025,-0.42,0.36,0.21119999999999997,5.83,0.24291666666666667,10,23,0.31,0
0.23124013492471412,0.2312179923794859,-0.38,0.41,0.1928,5.369999999999999,0.22374999999999998,11,24,0.41,0
0.21313845265460665,0.21307501026633793,-0.45,0.37,0.17479999999999996,4.59,0.19125,8,23,0.2,0
0.14643770006388382,0.14631472926537506,-0.25,0.29,0.122,3.07,0.12791666666666665,8,23,0.25,0
0.18867962264113208,0.18861855688134188,-0.37,0.44,0.1432,3.1100000000000003,0.12958333333333336,7,21,0.23,0
0.3349089428486496,0.334648711337725,-0.68,0.69,0.2788,7.28,0.30333333333333334,10,24,0.54,0
0.176397278890577,0.1757061182770822,-0.35,0.32,0.14600000000000002,3.9600000000000004,0.165,10,23,0.22,0
0.22486440358580545,0.22485550916088315,-0.36,0.41,0.1956,5.25,0.21875,9,24,0.36,0
0.2353805429511964,0.2353720459187964,-0.46,0.44,0.1956,4.8100000000000005,0.2004166666666667,9,23,0.39,0
0.2778056874867756,0.27774923942290103,-0.52,0.56,0.23920000000000002,6.42,0.2675,10,24,0.37,0
0.20912197397691137,0.20888274222635056,-0.33,0.52,0.17559999999999998,4.74,0.1975,10,24,0.52,0
0.16387800340497197,0.16378229452538512,-0.26,0.28,0.1408,3.83,0.15958333333333333,9,24,0.28,0
0.2798713990389157,0.2798302342492676,-0.57,0.54,0.23439999999999997,6.4,0.26666666666666666,9,24,0.57,0
0.1917602670002313,0.1916096030996359,-0.34,0.32,0.1692,4.699999999999999,0.1958333333333333,9,24,0.21,0
0.13620572675185139,0.13495717839374088,-0.33,0.23,0.1048,2.79,0.11625,11,24,0.24,0
0.227929813758534,0.22790734959627784,-0.42,0.43,0.196,4.960000000000001,0.2066666666666667,9,22,0.43,0
0.25721586265236446,0.25671774383552065,-0.41,0.49,0.21919999999999998,6.0200000000000005,0.25083333333333335,9,22,0.49,0
0.22487329765892616,0.22466828881709142,-0.4,0.41,0.19039999999999999,5.37,0.22375,9,23,0.4,0
0.31448370387032776,0.31448344948502455,-0.59,0.52,0.278,7.359999999999999,0.30666666666666664,10,24,0.41,0
0.2566865793141511,0.2564758078260014,-0.38,0.4,0.22320000000000004,5.659999999999999,0.2358333333333333,8,24,0.4,0
0.22311432047271193,0.22311109340416044,-0.54,0.48,0.1796,4.33,0.18041666666666667,9,24,0.54,0
0.15148597294799276,0.1514220591591595,-0.31,0.3,0.1124,2.81,0.11708333333333333,9,23,0.12,0
0.17089177862027186,0.1708688385867944,-0.34,0.37,0.13799999999999998,3.8,0.15833333333333333,9,24,0.28,0
0.26053022857242497,0.2604193541194663,-0.51,0.56,0.21400000000000002,5.57,0.23208333333333334,9,23,0.23,0
0.24407375934335915,0.24250822666458144,-0.52,0.41,0.2052,5.140000000000001,0.2141666666666667,8,24,0.27,0
0.2496958149429021,0.2494954909412192,-0.54,0.59,0.2036,5.24,0.21833333333333335,10,24,0.59,0
0.1923122460999299,0.1922856208872624,-0.35,0.4,0.16080000000000003,3.9699999999999998,0.16541666666666666,9,23,0.4,0
0.14323407415835102,0.14298755190575155,-0.27,0.29,0.118,3.2,0.13333333333333333,10,24,0.27,0
0.16291101865742538,0.1628869546648841,-0.27,0.31,0.138,3.21,0.13375,7,23,0.31,0
0.1924162155328911,0.19224983745116664,-0.42,0.41,0.16240000000000002,4.24,0.17666666666666667,10,24,0.25,0
0.24449948875202174,0.2440013114718853,-0.38,0.44,0.21559999999999999,5.65,0.2354166666666667,10,24,0.44,0
0.18292074786639156,0.18288531925772503,-0.35,0.32,0.1524,4.12,0.17166666666666666,9,23,0.32,0
0.23746157583912395,0.23744506733137244,-0.5,0.41,0.2076,5.3100000000000005,0.22125000000000003,10,24,0.34,0
0.24637369989509839,0.24637337518490102,-0.48,0.42,0.2156,5.8100000000000005,0.24208333333333334,10,24,0.36,0
0.29518130022072875,0.29513549430727576,-0.49,0.52,0.2644,6.84,0.285,9,24,0.46,0
0.16832112166926647,0.16735590817177623,-0.28,0.34,0.13720000000000002,3.45,0.14375000000000002,9,23,0.34,0
0.33849076796864047,0.3378510914589444,-0.53,0.56,0.2976,8.32,0.3466666666666667,9,24,0.49,0
0.27487451682540526,0.27476943061410597,-0.56,0.42,0.2444,6.35,0.26458333333333334,9,23,0.42,0
0.23574562562219475,0.23544001359157285,-0.39,0.53,0.2,4.78,0.1991666666666667,8,24,0.53,0
0.19841370920377452,0.1980004040399918,-0.35,0.38,0.16879999999999998,4.68,0.19499999999999998,10,24,0.31,0
0.24189253812385367,0.2418594633252956,-0.4,0.42,0.2,5.470000000000001,0.22791666666666668,10,23,0.42,0
0.2793778802983515,0.27910256179404735,-0.56,0.51,0.2212,5.98,0.24916666666666668,10,23,0.31,0
0.3102257242718598,0.3100513505856732,-0.69,0.65,0.23919999999999997,6.37,0.2654166666666667,12,23,0.69,0
0.20767281959852135,0.2075479703586619,-0.47,0.39,0.16560000000000002,4.390000000000001,0.1829166666666667,10,22,0.33,0
0.20490973622549027,0.20443091742689024,-0.28,0.44,0.1788,4.99,0.20791666666666667,11,23,0.44,0
0.24232209969377536,0.24219000805152968,-0.38,0.41,0.21520000000000003,5.880000000000001,0.24500000000000002,10,24,0.41,0
0.18466185312619388,0.18450539287511356,-0.42,0.37,0.1492,4.03,0.1679166666666667,10,22,0.18,0
0.1794993036198191,0.1794952924173779,-0.3,0.39,0.15080000000000002,3.8500000000000005,0.16041666666666668,10,22,0.39,0
0.3338921981718051,0.33293987445182954,-0.63,0.49,0.2596,7.12,0.2966666666666667,10,24,0.54,0
0.24192560840059904,0.24166621609153396,-0.48,0.63,0.19039999999999999,4.949999999999999,0.20624999999999996,10,24,0.63,0
0.19505896544378573,0.19468949637820732,-0.36,0.37,0.16399999999999998,4.42,0.18416666666666667,10,24,0.37,0
0.34076971696440395,0.34044817520439147,-0.65,0.51,0.30119999999999997,8.55,0.35625,10,24,0.48,0
0.3138152322625528,0.31374996414342426,-0.48,0.55,0.28240000000000004,7.62,0.3175,10,24,0.55,1
0.29027573098693593,0.2902688409044278,-0.55,0.53,0.25560000000000005,7.6899999999999995,0.3204166666666666,10,24,0.55,1
0.18531055015837605,0.18499556751446777,-0.34,0.37,0.1548,4.02,0.16749999999999998,10,24,0.3,1
0.21547157585166543,0.21533750253961803,-0.41,0.36,0.18600000000000003,5.050000000000001,0.2104166666666667,10,24,0.41,1
0.28201418404044853,0.28193219042883344,-0.53,0.61,0.2244,6.02,0.2508333333333333,11,23,0.53,1
0.18355380682513778,0.18348013516454578,-0.29,0.28,0.1612,4.36,0.18166666666666667,10,24,0.28,1
0.22986082745870381,0.2296766422603744,-0.47,0.41,0.1932,5.25,0.21875,9,24,0.47,1
0.16868906307167633,0.16807331733502495,-0.36,0.24,0.1368,3.37,0.14041666666666666,10,24,0.22,1
0.25403149411047443,0.25314533375118725,-0.42,0.5,0.21160000000000004,5.69,0.23708333333333334,9,24,0.5,1
0.1762157768192167,0.17620442673213405,-0.35,0.35,0.14520000000000002,4.109999999999999,0.17124999999999999,10,23,0.22,1
0.19794948850653793,0.19794787192591892,-0.3,0.33,0.17679999999999998,5.050000000000001,0.2104166666666667,10,24,0.33,1
0.18309560344257314,0.18309516651184432,-0.32,0.29,0.1532,3.89,0.16208333333333333,9,24,0.32,1
0.23859589267210785,0.23854760531181193,-0.48,0.49,0.19760000000000003,5.57,0.23208333333333334,10,23,0.49,1
0.22648620267027306,0.22648478977626732,-0.39,0.44,0.1888,5.01,0.20875,10,23,0.44,1
0.13102671483327358,0.13073086858121918,-0.23,0.25,0.11120000000000001,3.2199999999999998,0.13416666666666666,10,24,0.25,1
0.1859569842732453,0.18542923178398815,-0.35,0.35,0.1596,3.48,0.145,7,22,0.35,1
0.19428844535895592,0.1942682681242616,-0.36,0.4,0.1668,4.59,0.19125,9,23,0.29,1
0.2675219617152954,0.26737718676057615,-0.5,0.51,0.20720000000000002,5.08,0.21166666666666667,8,24,0.51,1
0.2717866810570378,0.2717793222450891,-0.49,0.47,0.2332,6.53,0.27208333333333334,10,23,0.31,1
0.28438706018382764,0.28438677887693725,-0.6,0.54,0.2412,6.42,0.2675,9,24,0.39,1
0.24214871463627471,0.2420743687382041,-0.42,0.39,0.22039999999999998,5.75,0.23958333333333334,9,24,0.42,1
0.17380448785920344,0.1733325128185708,-0.31,0.32,0.13760000000000003,3.65,0.15208333333333332,11,22,0.27,1
0.23403418553707064,0.2338833897479682,-0.47,0.42,0.19079999999999997,5.26,0.21916666666666665,11,24,0.28,1
0.19933890739140717,0.1993324860628593,-0.37,0.35,0.16879999999999998,4.84,0.20166666666666666,10,22,0.37,1
0.30678331114974294,0.3065931506084244,-0.55,0.62,0.2716,6.98,0.29083333333333333,9,24,0.62,1
0.12992305415129374,0.12861352961488925,-0.29,0.21,0.11040000000000001,3.05,0.12708333333333333,11,23,0.29,1
0.21001904675528837,0.20998819014411263,-0.37,0.42,0.18600000000000005,4.4399999999999995,0.18499999999999997,7,24,0.3,1
0.23456342425877058,0.2344402695784152,-0.47,0.43,0.19,5.27,0.21958333333333332,10,24,0.3,1
0.2159536987411885,0.21559740258175653,-0.42,0.4,0.18600000000000003,4.9,0.2041666666666667,10,23,0.42,1
0.19670282153543198,0.1964484665249388,-0.41,0.4,0.1532,4.03,0.1679166666666667,9,24,0.41,1
0.2605993092853471,0.2602011529567077,-0.47,0.37,0.228,5.9399999999999995,0.24749999999999997,9,22,0.42,1
0.20107709964090886,0.20088444439527914,-0.4,0.42,0.1696,4.34,0.18083333333333332,10,24,0.42,1
0.23006086151277447,0.230026085477278,-0.48,0.41,0.18719999999999995,5.27,0.21958333333333332,11,22,0.48,1
0.16193825983997728,0.1618117424663612,-0.27,0.31,0.13760000000000003,3.9000000000000004,0.1625,10,23,0.31,1
0.21034257771549728,0.21023263305205497,-0.38,0.37,0.1748,4.0,0.16666666666666666,7,23,0.32,1
0.26063000594712804,0.26050719759730245,-0.49,0.48,0.2192,5.62,0.23416666666666666,10,22,0.31,1
0.16437761404765552,0.16431871469799172,-0.27,0.4,0.134,3.49,0.14541666666666667,10,24,0.4,1
0.27252155878021833,0.272471943509786,-0.53,0.59,0.22759999999999997,5.31,0.22124999999999997,7,23,0.59,1
0.2221260903180894,0.22211708624056817,-0.39,0.41,0.19,4.99,0.20791666666666667,9,23,0.41,1
0.25393700006103875,0.2539215626921038,-0.51,0.51,0.20679999999999998,5.95,0.24791666666666667,9,24,0.34,1
0.2634008352302627,0.26283865773512083,-0.55,0.5,0.22039999999999998,5.58,0.2325,9,24,0.55,1
0.21015232570685485,0.20991426821443082,-0.44,0.43,0.16920000000000002,4.15,0.1729166666666667,9,24,0.44,1
0.19263436868845601,0.19251431115633974,-0.3,0.34,0.1732,4.48,0.18666666666666668,9,24,0.25,1
0.11966620241321273,0.11934219706373769,-0.23,0.21,0.09840000000000002,2.4699999999999998,0.10291666666666666,10,20,0.21,1
0.21232993194554556,0.21216371037479526,-0.39,0.29,0.18040000000000003,4.5600000000000005,0.19000000000000003,9,23,0.33,1
0.2838943465446257,0.28388730158286407,-0.51,0.51,0.2388,5.9,0.24583333333333335,9,24,0.51,1
0.2735616932247642,0.27347716540874123,-0.51,0.46,0.2292,5.58,0.2325,10,24,0.42,1
0.3352968833735262,0.3351355546640792,-0.67,0.66,0.28479999999999994,6.85,0.28541666666666665,8,24,0.4,1
0.32132849235634237,0.3213222681359012,-0.61,0.59,0.2628,6.35,0.26458333333333334,8,22,0.53,1
0.28068487668558134,0.2803552032689959,-0.55,0.52,0.22880000000000003,6.449999999999999,0.26875,10,24,0.55,1
0.20332240407785857,0.20332201061370608,-0.32,0.33,0.18279999999999996,4.85,0.2020833333333333,9,23,0.32,1
0.16679328523654663,0.16678129391511506,-0.37,0.36,0.13480000000000003,3.43,0.14291666666666666,8,23,0.37,1
0.14744490496453241,0.14743133995185692,-0.31,0.28,0.1268,3.3200000000000003,0.13833333333333334,9,24,0.17,1
0.21156559266572628,0.21155954244609246,-0.35,0.34,0.1832,4.73,0.19708333333333336,9,23,0.35,1
0.20392155354449415,0.20391527652434477,-0.42,0.41,0.1648,4.34,0.18083333333333332,9,24,0.26,1
0.19484352696458765,0.19466237438190256,-0.32,0.37,0.16920000000000002,4.300000000000001,0.1791666666666667,8,24,0.32,1
0.3205682454642069,0.3202264198969223,-0.6,0.62,0.2668,6.869999999999999,0.28624999999999995,9,23,0.28,1
0.4250976358438141,0.42471637594988026,-0.75,0.66,0.36119999999999997,8.25,0.34375,7,24,0.56,1
0.28332313707143647,0.2832316366509928,-0.52,0.48,0.2384,6.01,0.2504166666666667,9,23,0.48,1
0.32952086428631494,0.3294237392781522,-0.64,0.65,0.26480000000000004,7.19,0.29958333333333337,9,24,0.5,1
0.3008654184182689,0.30065688084592374,-0.52,0.6,0.25360000000000005,6.779999999999999,0.2825,10,24,0.6,1
0.26458269028793246,0.26454610184238214,-0.41,0.46,0.22200000000000003,5.449999999999999,0.2270833333333333,9,24,0.38,1
0.2793635624056939,0.2793609851070833,-0.58,0.59,0.234,5.98,0.24916666666666668,9,24,0.27,1
0.2336578695443404,0.23363013504254967,-0.39,0.38,0.2004,5.609999999999999,0.23374999999999999,10,24,0.39,1
0.17694066802179764,0.17625163829025817,-0.38,0.41,0.13080000000000003,3.23,0.13458333333333333,12,22,0.41,1
0.24192560840059904,0.2415430396430417,-0.4,0.43,0.20639999999999997,5.550000000000001,0.23125000000000004,9,24,0.43,1
0.21911640741852265,0.21866869917754578,-0.43,0.4,0.1732,4.12,0.17166666666666666,8,23,0.4,1
0.36235341863986875,0.3616353964976327,-0.7,0.69,0.2924,7.35,0.30624999999999997,9,24,0.55,1
0.18749933333214813,0.187498906663479,-0.3,0.34,0.1604,3.93,0.16375,9,23,0.3,1
0.2282717678557732,0.22805262550560565,-0.5,0.5,0.19,4.8100000000000005,0.2004166666666667,9,22,0.2,1
0.22039056241137006,0.22004145064055547,-0.4,0.35,0.17800000000000002,4.62,0.1925,11,23,0.36,1
0.25,0.24997407865616786,-0.4,0.46,0.21240000000000003,5.36,0.22333333333333336,7,23,0.38,1
0.31378973851928305,0.31364285421479,-0.56,0.59,0.272,6.430000000000001,0.2679166666666667,10,24,0.59,1
0.20429390592966792,0.20428764035056063,-0.38,0.38,0.1736,4.85,0.2020833333333333,11,24,0.38,1
0.1911857735293084,0.19107862256149952,-0.34,0.41,0.16480000000000003,4.53,0.18875,10,23,0.34,1
0.2883192674796466,0.28756800934735416,-0.42,0.45,0.2512,6.69,0.27875,8,24,0.45,1
0.17802247049178932,0.1768497667513305,-0.37,0.3,0.1524,3.82,0.15916666666666665,8,22,0.19,1
0.19716997743064232,0.1969162258423617,-0.39,0.38,0.1588,4.0,0.16666666666666666,11,23,0.33,1
0.16879573454326388,0.16879526059697292,-0.32,0.35,0.1396,3.7500000000000004,0.15625000000000003,9,24,0.16,1
0.26635314903338386,0.26627624753252027,-0.65,0.55,0.21359999999999998,5.4399999999999995,0.22666666666666666,10,23,0.22,1
0.19368014869882766,0.19348012817858068,-0.41,0.42,0.14,3.9000000000000004,0.1625,12,23,0.42,1
0.2902274969743563,0.2902274969743563,-0.45,0.45,0.26,6.94,0.2891666666666667,9,24,0.43,1
0.17342433508593885,0.17342387378904903,-0.35,0.33,0.1436,4.26,0.1775,12,24,0.25,1
0.2642347441196937,0.26386360112755225,-0.5,0.38,0.2348,6.03,0.25125000000000003,9,24,0.44,1
0.3752332607858744,0.37511043707153763,-0.59,0.67,0.3304000000000001,8.97,0.37375,9,24,0.55,1
0.20642674245358814,0.20564046294443125,-0.34,0.36,0.1732,4.67,0.19458333333333333,9,24,0.36,1
0.22244100341438852,0.22242805578433672,-0.46,0.45,0.1824,4.42,0.18416666666666667,8,24,0.32,1
0.22470425007106565,0.22398214214530585,-0.49,0.48,0.182,4.07,0.16958333333333334,7,23,0.49,1
0.21075103795711186,0.21062801333156045,-0.46,0.4,0.17759999999999998,4.67,0.19458333333333333,10,23,0.46,1
0.2366854452643846,0.2365633953087417,-0.43,0.34,0.20919999999999997,5.710000000000001,0.2379166666666667,10,23,0.32,1
0.19902763627195094,0.19891143757964247,-0.37,0.37,0.17079999999999998,4.029999999999999,0.16791666666666663,8,24,0.37,1
0.17497428382479524,0.17494501993483552,-0.35,0.35,0.14959999999999998,3.5700000000000003,0.14875000000000002,9,23,0.35,1
0.245161171477051,0.24427721956826018,-0.56,0.45,0.21360000000000004,5.58,0.2325,9,24,0.36,1
0.25196031433541277,0.25182025335544395,-0.41,0.44,0.21880000000000002,6.03,0.25125000000000003,10,23,0.39,1
0.24724886248474431,0.24720970854721705,-0.47,0.48,0.198,5.11,0.21291666666666667,9,23,0.24,1
0.19076687343456675,0.190760163556231,-0.36,0.31,0.1648,4.619999999999999,0.19249999999999998,10,24,0.36,1
0.409658394275035,0.40965351212945805,-0.63,0.61,0.3652,7.6,0.31666666666666665,7,23,0.59,1
0.17217433025860737,0.17217014839977343,-0.32,0.28,0.138,3.5600000000000005,0.14833333333333334,10,23,0.29,1
0.194381069037085,0.1943744839221445,-0.34,0.4,0.1584,4.44,0.18500000000000003,11,23,0.34,1
0.2438524143821422,0.24372115213907886,-0.44,0.41,0.2128,5.91,0.24625,10,24,0.44,1
0.29512709126747416,0.2951268201976906,-0.53,0.54,0.25079999999999997,7.04,0.29333333333333333,10,24,0.31,1
0.34829298011875004,0.34819167135358076,-0.56,0.59,0.2948,7.1,0.29583333333333334,7,24,0.54,1
0.24867649667791283,0.2484241534150816,-0.5,0.47,0.21520000000000003,5.7299999999999995,0.23875,10,23,0.47,1
0.26596992311161805,0.2659335255284674,-0.4,0.54,0.2292,6.32,0.26333333333333336,10,24,0.54,1
0.304814697808357,0.3042588371765067,-0.55,0.64,0.25439999999999996,6.32,0.26333333333333336,9,24,0.47,1
0.2674023186137323,0.26671212945796074,-0.44,0.45,0.2296,6.199999999999999,0.2583333333333333,8,24,0.44,1
0.22634486961272174,0.22632224813305474,-0.59,0.47,0.17279999999999998,4.26,0.1775,8,23,0.26,1
0.27042189260487026,0.2703260253841646,-0.43,0.53,0.23919999999999994,6.340000000000001,0.2641666666666667,9,24,0.48,1
0.1971395444856257,0.19712493500315986,-0.39,0.43,0.15680000000000002,4.11,0.17125,9,23,0.2,1
0.25860394428546524,0.2585962103357278,-0.55,0.4,0.226,6.3100000000000005,0.2629166666666667,10,23,0.34,1
0.2683430640057611,0.2683132497660151,-0.43,0.53,0.2224,6.13,0.2554166666666667,10,24,0.53,1
0.2552488981367011,0.25516865011203865,-0.52,0.43,0.2096,5.43,0.22624999999999998,10,23,0.4,1
0.26731255114565794,0.267253886781839,-0.48,0.56,0.204,4.74,0.1975,7,23,0.54,1
0.20111688143962456,0.20098795983839432,-0.39,0.4,0.1696,4.04,0.16833333333333333,8,23,0.38,1
0.3179056463795508,0.31790162000216354,-0.58,0.59,0.2648,6.79,0.28291666666666665,8,24,0.49,1
0.225884926455928,0.22577014860251124,-0.46,0.4,0.196,5.24,0.21833333333333335,9,24,0.26,1
0.2309978354876946,0.23088559937770048,-0.39,0.38,0.20240000000000002,5.67,0.23625,10,24,0.37,1
0.22256684389189688,0.22232372792844224,-0.44,0.4,0.18720000000000003,4.8999999999999995,0.20416666666666664,10,22,0.44,1
0.39846204336172353,0.39838955809609267,-0.71,0.78,0.3292,7.840000000000001,0.3266666666666667,8,24,0.27,1
0.25429903656915415,0.25399653540944217,-0.48,0.51,0.20920000000000002,5.67,0.23625,11,22,0.51,1
0.24561758894672017,0.24558501582954934,-0.39,0.42,0.21520000000000003,6.23,0.25958333333333333,10,24,0.42,1
0.27063628729348177,0.27050589642371936,-0.41,0.47,0.242,6.8,0.2833333333333333,10,23,0.47,1
0.287965275684413,0.28793165855806824,-0.47,0.47,0.2404,6.64,0.27666666666666667,10,23,0.47,1
0.39330903879773726,0.39330720817193265,-0.75,0.75,0.326,9.33,0.38875,10,24,0.6,1
0.19180198122021577,0.19161795322985786,-0.34,0.36,0.1684,4.540000000000001,0.1891666666666667,11,22,0.36,1
0.34358696133584576,0.34355878681820956,-0.58,0.61,0.29800000000000004,8.49,0.35375,10,24,0.54,1
0.18871141989821388,0.1886397625104527,-0.35,0.32,0.1444,4.16,0.17333333333333334,11,23,0.32,1
0.20722934155181788,0.20720463315283275,-0.36,0.42,0.17039999999999997,4.24,0.17666666666666667,10,24,0.35,1
0.18452100151473272,0.18401912944039267,-0.32,0.38,0.1504,3.76,0.15666666666666665,9,24,0.38,1
0.2616256868122853,0.2615473953225304,-0.56,0.53,0.2104,5.78,0.24083333333333334,9,24,0.21,1
0.21819257549238472,0.21817937574390484,-0.37,0.4,0.18959999999999996,5.040000000000001,0.21000000000000005,9,24,0.4,1
0.7708955830720526,0.7708358061221599,-1.54,1.45,0.6448,17.95,0.7479166666666667,10,24,0.77,0
0.48715090064578553,0.4871375986310234,-0.93,1.07,0.39960000000000007,10.15,0.42291666666666666,11,23,0.35,0
0.7661096527260312,0.7655830719131661,-1.65,1.35,0.6452,17.63,0.7345833333333333,9,24,0.72,0
0.9614780288701349,0.9612863049060878,-1.9,1.63,0.8319999999999999,21.499999999999996,0.8958333333333331,9,24,1.45,0
1.3777314687557949,1.3768092968890062,-2.28,2.31,1.2104000000000001,33.41,1.3920833333333331,9,24,2.01,0
0.9127321622469541,0.9102549972397844,-1.54,1.8,0.732,17.339999999999996,0.7224999999999998,9,24,1.45,0
0.9302365290612921,0.9278922351221612,-1.93,1.57,0.7996000000000001,22.37,0.9320833333333334,9,24,1.93,0
0.9337044500268809,0.9320475524349602,-2.15,1.97,0.7836,21.020000000000003,0.8758333333333335,10,24,1.08,0
1.0225595337191864,1.0174595815068037,-2.07,1.86,0.8603999999999999,18.77,0.7820833333333334,8,24,1.77,0
1.1093151040168885,1.1053930341738183,-1.86,1.78,0.9716000000000001,27.31,1.1379166666666667,10,24,1.81,0
0.8546718668588548,0.8540111474682284,-1.6,1.73,0.6784,17.36,0.7233333333333333,10,23,1.33,0
0.8040870599630365,0.8040790010937979,-1.51,1.72,0.6187999999999999,17.35,0.7229166666666668,11,24,1.51,0
0.6621963455048661,0.6568470141516973,-1.11,1.2,0.5312,14.58,0.6075,12,24,1.11,0
0.7776091563246924,0.77445206436551,-1.5,1.39,0.6811999999999999,18.6,0.775,9,24,1.5,0
0.8149699380958784,0.8143096217041771,-1.29,1.46,0.7,20.32,0.8466666666666667,10,24,1.08,0
0.8969593078841426,0.8964439971353482,-1.74,1.51,0.7552000000000001,20.77,0.8654166666666666,10,24,1.38,0
0.739378117068662,0.7393049709017248,-1.46,1.49,0.5768000000000001,15.850000000000001,0.6604166666666668,10,23,0.71,0
0.908400792602032,0.9083951563058887,-1.64,1.58,0.7912,22.12,0.9216666666666667,10,24,1.58,0
0.9129644023728417,0.9127624882739211,-1.86,1.85,0.7528,18.65,0.7770833333333332,8,24,1.04,0
0.7898810036961263,0.7895402206347693,-1.49,1.25,0.6920000000000001,18.59,0.7745833333333333,10,24,1.3,0
0.6274488026922994,0.6273558479842203,-1.2,1.18,0.5324,15.05,0.6270833333333333,10,24,1.2,0
1.000935562361534,1.0009352426605829,-2.06,1.86,0.7727999999999998,20.86,0.8691666666666666,10,23,1.73,0
0.9085967202230042,0.9084888551875582,-1.86,1.9,0.7044,17.91,0.74625,8,24,0.54,0
1.4608572825570607,1.460194507591369,-2.67,2.95,1.2160000000000002,32.61,1.35875,10,24,2.54,0
0.8920717459935608,0.8903622633512721,-1.6,1.47,0.7784,20.09,0.8370833333333333,9,24,1.6,0
0.6656395420946685,0.6625168978977065,-1.07,1.23,0.5716,14.37,0.59875,9,24,1.23,0
0.7172363627145518,0.7171148861932795,-1.41,1.3,0.5964,13.809999999999999,0.5754166666666666,7,24,0.97,0
0.6474503841994381,0.6450929855454949,-1.25,1.2,0.5288,13.09,0.5454166666666667,7,24,0.62,0
0.8277970765833859,0.8272959325416752,-1.36,1.5,0.696,17.33,0.7220833333333333,9,24,1.12,0
0.5491229370550824,0.5487585990214641,-1.16,0.95,0.45840000000000003,11.29,0.47041666666666665,9,24,0.95,0
0.8227757896292283,0.8207571138893649,-1.6,1.53,0.6751999999999999,15.25,0.6354166666666666,7,24,1.6,0
0.7658198221513988,0.7633383522396867,-1.63,1.46,0.6456000000000001,15.280000000000001,0.6366666666666667,8,24,1.63,0
0.6410179404665676,0.6410159436394699,-1.26,1.12,0.5544,14.3,0.5958333333333333,9,24,1.07,0
2.689190212684852,2.682096374107388,-5.5,4.93,2.14,64.25999999999999,2.6774999999999998,10,24,2.41,1
2.248624468425086,2.248478739058922,-3.73,4.3,1.9040000000000004,53.849999999999994,2.24375,10,24,4.3,1
3.556128794068066,3.556079099232749,-7.19,7.33,2.6875999999999998,58.11,2.42125,8,24,1.84,1
2.699890368144603,2.6978556225268986,-5.25,5.2,2.2864,52.03,2.1679166666666667,8,24,4.87,1
3.3170088935666118,3.3161833483690253,-4.97,5.22,2.9019999999999997,69.9,2.9125,8,24,5.22,1
7.410069365397331,7.403430491333054,-13.6,12.8,6.099200000000001,135.82,5.659166666666667,7,24,12.8,1
4.766373883782094,4.763524006447327,-8.53,8.17,4.164,97.88,4.078333333333333,8,24,6.38,1
3.480931484531116,3.4791420551624506,-7.03,6.42,3.0156,83.75,3.4895833333333335,10,24,7.03,1
2.0886512394365893,2.087620808480314,-3.28,3.36,1.8488,51.97,2.1654166666666668,10,24,3.34,1
2.0032064297021415,2.0031680508634317,-3.15,3.4,1.7564,49.03,2.0429166666666667,10,24,2.85,1
1.8487617477652443,1.847735219126377,-4.23,3.9,1.516,40.31,1.6795833333333334,10,24,4.23,1
1.7047709523569434,1.7047258547930808,-2.87,3.21,1.5035999999999998,42.910000000000004,1.7879166666666668,10,24,2.34,1
1.8109566532636832,1.8084315414192487,-3.43,3.06,1.5484,43.83,1.82625,10,24,3.43,1
5.151128031800413,5.139467583320281,-9.98,8.83,4.504,93.03,3.87625,7,24,6.97,1
3.6712738933509166,3.6641623108153927,-6.35,5.64,3.1563999999999997,71.94999999999999,2.9979166666666663,8,24,5.9,1
2.4659789131296317,2.4658659817597552,-4.99,4.19,2.0267999999999997,51.79,2.1579166666666665,9,24,4.13,1
2.4493305207750136,2.4492808413899785,-4.79,4.47,2.0836,56.82,2.3675,10,24,3.14,1
2.1376332706991628,2.1347181172229743,-3.98,3.59,1.8196,47.97,1.99875,10,24,3.98,1
2.131847086448744,2.1298782688219533,-3.56,3.52,1.8588,52.34,2.1808333333333336,9,24,3.56,1
2.8453766007331964,2.8443827028021382,-5.44,5.24,2.3456,62.900000000000006,2.6208333333333336,9,24,2.49,1
6.1422829631986176,6.1422804104013355,-12.7,11.94,4.361599999999999,105.84,4.41,8,23,7.5,1
3.557135364306509,3.5532971955635797,-5.9,6.01,3.1668000000000003,85.12,3.546666666666667,9,24,4.89,1
2.410754238822365,2.408333863898442,-4.84,4.12,2.0936,50.989999999999995,2.1245833333333333,7,24,4.84,1
2.1535654157698576,2.1489314926260445,-3.09,4.83,1.7867999999999997,47.589999999999996,1.9829166666666664,9,24,3.03,1
3.7005313132035518,3.7004097070459645,-6.82,6.38,3.1636,82.53999999999999,3.4391666666666665,9,24,5.19,1
3.071201067986269,3.0705751904162844,-6.39,5.08,2.7163999999999997,72.83000000000001,3.034583333333334,9,24,6.39,1
2.926088173654376,2.926069691582892,-5.1,4.29,2.5816000000000003,69.88,2.9116666666666666,9,24,5.1,1
2.680774514948991,2.679458154179684,-5.07,4.58,2.3407999999999998,62.379999999999995,2.5991666666666666,9,24,5.07,1
2.0639602709354654,2.0611952260763657,-3.05,4.57,1.7635999999999998,46.97,1.9570833333333333,9,24,3.05,1
3.1027065604081865,3.099344550062158,-5.54,5.73,2.5636,59.84,2.4933333333333336,7,24,4.98,1
2.200659901029689,2.1997522042266486,-4.21,4.07,1.8400000000000003,47.21,1.9670833333333333,10,22,4.2,1
2.3283693865020645,2.327533080323457,-4.75,5.0,1.9623999999999997,52.040000000000006,2.1683333333333334,9,24,3.44,1
1.732532250782074,1.7242503762505026,-3.1,3.17,1.4724000000000002,39.58,1.6491666666666667,10,23,3.17,1
3.178485803020048,3.177343695604868,-6.28,6.5,2.6708,64.52000000000001,2.688333333333334,8,24,6.5,1
2.143947760557612,2.135759387196975,-3.22,3.78,1.8976,44.97,1.87375,8,24,3.39,1
8.116756741457761,8.086411970707404,-15.31,17.04,7.007600000000001,174.08999999999997,7.253749999999999,8,24,8.3,1
7.369128578061317,7.3191495243641524,-13.25,11.79,6.2096,129.0,5.375,6,24,8.49,1
4.331617711663854,4.330964899419066,-9.78,8.67,3.5567999999999995,87.58999999999999,3.6495833333333327,9,24,9.78,1
6.326063546946079,6.323124873035484,-10.49,10.41,5.2016,133.06,5.5441666666666665,9,24,10.41,1
3.2622581136384654,3.2607977919521476,-5.98,5.56,2.7528,76.12,3.171666666666667,10,24,5.52,1
2.638873244398071,2.63474215816273,-5.45,5.44,2.0404,55.87,2.3279166666666664,10,24,1.97,1
2.4855341478241653,2.480481695155197,-5.09,6.17,2.0104,51.81,2.15875,10,24,6.17,1
2.525912904278372,2.5257707259369364,-4.39,4.08,2.2011999999999996,63.86,2.660833333333333,10,24,2.85,1
2.1361086114708683,2.135587076192399,-3.4,3.6,1.8599999999999997,53.47,2.2279166666666668,10,24,3.6,1
2.4123739345300517,2.4115563771141657,-4.12,4.28,2.0956,58.57,2.4404166666666667,10,24,3.73,1
1.900168413588648,1.899677277855373,-2.84,3.23,1.7112000000000003,47.45,1.9770833333333335,10,24,2.97,1
1.961178217296939,1.96108810612884,-3.06,3.6,1.6972,48.67,2.0279166666666666,10,24,3.04,1
1.6626232285157092,1.6625500413521395,-2.41,2.79,1.4828000000000001,40.97,1.7070833333333333,10,24,2.48,1
2.2993025029343137,2.298850286556304,-4.17,4.29,1.9808000000000001,56.1,2.3375,9,24,4.29,1
1.6293421985574423,1.629108418737071,-2.58,2.43,1.4612,38.16,1.5899999999999999,9,24,2.44,1
1.3565824707698386,1.3557471150623925,-2.29,2.62,1.1612,27.660000000000004,1.1525,7,24,2.62,1
0.9373707910960315,0.9373489424968697,-1.88,1.7,0.7752,21.53,0.8970833333333333,10,24,1.21,1
1.5431655776357895,1.537578147607464,-2.28,2.32,1.3855999999999997,33.5,1.3958333333333333,9,24,2.32,1
6.2493785291019135,6.236743073111157,-13.29,11.16,5.1988,120.68,5.028333333333333,7,24,6.85,1
5.8238671001320075,5.802052657465287,-10.73,13.25,4.962,113.77000000000001,4.740416666666667,8,24,13.25,1
4.577033100164342,4.566222140895031,-7.38,8.29,4.0832,104.8,4.366666666666666,8,24,8.29,1
2.616492308415983,2.5996041544819857,-5.26,3.98,2.2632,54.11,2.254583333333333,8,24,5.26,1
3.770012732073991,3.76546105543531,-7.02,7.29,3.1835999999999998,83.53,3.4804166666666667,9,24,4.66,1
2.2446264722666,2.2443313124403,-4.37,4.03,1.9620000000000002,46.370000000000005,1.9320833333333336,9,24,3.67,1
2.999313254730156,2.9974254019074436,-4.97,5.24,2.5048,63.129999999999995,2.6304166666666666,7,24,4.97,1
4.401269816768792,4.400437323721359,-7.45,8.17,3.7184,98.33999999999999,4.097499999999999,9,24,4.64,1
2.396311332026788,2.3941395113902613,-4.3,5.34,2.0844,57.48,2.395,9,24,3.27,1
2.8733200309050155,2.870846453574276,-5.68,6.43,2.3368,49.56,2.065,5,24,4.85,1
4.555149613349709,4.521920760031073,-8.45,7.41,3.6675999999999997,74.21,3.092083333333333,6,24,4.65,1
8.428235165205109,8.388523836766513,-15.11,14.59,7.309200000000001,154.29000000000002,6.428750000000001,6,24,15.11,1
2.497322566269724,2.454816196785413,-6.1,3.51,2.0435999999999996,48.58,2.0241666666666664,8,24,6.1,1
5.97014572686463,5.961040499778541,-11.96,10.55,4.861599999999999,101.94,4.2475,6,24,10.1,1
3.816841626266408,3.810904900414074,-7.61,7.14,3.0440000000000005,75.59,3.1495833333333336,9,24,4.65,1
4.196512838059714,4.188794652403003,-7.25,6.83,3.5568,68.34,2.8475,6,24,6.56,1
2.757961566084633,2.7450652159830375,-6.86,4.82,2.2136,50.81999999999999,2.1174999999999997,9,24,6.86,1
1.9317836317766024,1.9301429584359806,-3.69,3.83,1.5219999999999998,39.94,1.6641666666666666,10,24,3.83,1
5.234765706313894,5.22758988444962,-9.06,10.46,4.494800000000001,98.39,4.099583333333333,7,24,9.06,1
4.80427143279811,4.776825322324441,-11.72,10.26,3.8952000000000004,84.66,3.5275,7,24,11.72,1
4.1044449076580385,4.090104663697495,-7.38,8.01,3.5436,84.75,3.53125,8,24,8.01,1
3.1756851229301684,3.171811747251088,-5.45,5.41,2.7056,73.53,3.06375,10,24,5.45,1
4.443399599405843,4.443398447134806,-7.16,7.77,3.8487999999999998,101.36000000000001,4.223333333333334,9,24,6.64,1
3.0204628784343632,3.020035655418657,-5.81,5.29,2.678,70.09,2.9204166666666667,9,24,5.29,1
4.639495662246059,4.638599202345466,-10.37,9.1,3.4032,88.44999999999999,3.6854166666666663,10,24,9.1,1
2.33933067350471,2.337277048190907,-4.15,3.58,2.0980000000000003,59.99,2.4995833333333333,10,24,3.58,1
2.5082822807650653,2.506928447323537,-5.09,5.78,2.0111999999999997,56.82,2.3675,8,24,2.91,1
4.30495296141549,4.304077805988177,-7.81,6.63,3.8188000000000004,101.03999999999999,4.21,9,24,7.81,1
2.054115868202181,2.053457571998993,-3.56,3.71,1.7288,49.160000000000004,2.0483333333333333,10,24,2.88,1
2.54190322396428,2.5389158631195325,-6.57,4.33,2.0904000000000003,55.03,2.2929166666666667,10,24,3.43,1
2.479937095976428,2.455850353747149,-4.57,6.73,1.9704,47.18,1.9658333333333333,9,24,6.73,1
4.9518776236898265,4.947181888711997,-10.4,9.4,3.6836,83.99000000000001,3.4995833333333337,9,24,10.4,1
2.265924094050814,2.249684280071317,-3.48,3.87,1.9228,45.72,1.905,9,24,3.87,1
9.071625212716848,9.069349136514704,-19.72,17.95,7.645600000000001,192.70999999999998,8.029583333333333,8,24,6.85,1
2.1536276372669443,2.152502692216667,-4.99,2.7,1.7896,44.7,1.8625,8,24,4.99,1
6.6903946071962,6.683966917931297,-15.86,13.95,5.3004,129.53,5.397083333333334,8,24,12.27,1
2.6614462233905836,2.628225134953244,-5.64,4.63,2.0976000000000004,46.5,1.9375,6,24,5.64,1
3.05533304240307,3.050949858650581,-5.01,5.26,2.6979999999999995,69.12,2.8800000000000003,8,23,5.26,1
5.83504755764681,5.835014639227565,-10.81,10.93,4.4012,109.07,4.544583333333333,8,24,7.93,1
2.2566302311189577,2.255468518955652,-3.58,4.11,1.9852,53.879999999999995,2.2449999999999997,9,24,4.11,1
1.548559330474619,1.5381091768791968,-3.0,2.79,1.3316,30.119999999999997,1.255,8,24,3.0,1
2.614009946423311,2.6132650535297794,-5.13,5.04,2.1656,53.61,2.23375,8,24,3.97,1
1.9896160433611305,1.956996310676134,-2.25,5.8,1.4772,30.57,1.27375,8,24,2.25,1
6.153430587891603,6.135820805727625,-11.63,12.37,4.6156,114.0,4.75,8,24,12.37,1
1.6493744268661377,1.6488795711027535,-2.62,3.26,1.3924,35.349999999999994,1.4729166666666664,8,24,2.62,1
2.002297680166463,2.0022944438818184,-3.45,3.37,1.774,46.78,1.9491666666666667,9,24,3.45,1
2.265243474772635,2.264270089896521,-3.77,4.64,1.7344000000000002,41.519999999999996,1.7299999999999998,9,24,1.65,0
2.2969588590133694,2.2922630215575177,-4.05,3.22,2.0044,51.43000000000001,2.142916666666667,9,24,4.05,0
1.9255586202450445,1.9234354265220344,-3.33,3.16,1.6976000000000002,41.089999999999996,1.7120833333333332,8,23,2.79,0
2.989035964989381,2.9881686699381613,-5.2,5.64,2.6592000000000002,61.370000000000005,2.5570833333333334,7,24,5.64,0
3.3531901228531615,3.3304330048808968,-4.54,10.55,2.4076,56.7,2.3625000000000003,9,24,4.08,0
6.682172101944098,6.663975702236615,-16.25,16.83,4.8072,119.66,4.985833333333333,9,24,16.83,0
2.0263770626416004,2.0254037029688674,-3.32,3.71,1.6995999999999998,47.0,1.9583333333333333,9,24,3.71,0
4.361833559410537,4.356119116828649,-10.32,9.27,3.324,88.25,3.6770833333333335,10,24,1.67,0
3.535131680715727,3.5259371747097252,-8.2,10.18,2.6811999999999996,60.26,2.5108333333333333,9,24,10.18,0
3.7191918477002504,3.7172165070116647,-8.09,7.32,3.0708,85.92,3.58,10,24,4.55,0
4.985425558565688,4.9846974792859795,-10.25,9.8,4.1548,99.12,4.13,8,24,7.42,0
3.28730102059425,3.2872939874614198,-5.64,5.15,2.8404,61.489999999999995,2.5620833333333333,7,23,5.59,0
3.1355261121540674,3.129518812852864,-5.14,5.92,2.61,54.89,2.2870833333333334,8,24,4.11,0
2.56632344025456,2.561912535587427,-5.94,4.78,2.156,57.54,2.3975,10,24,5.94,0
3.7417765833892327,3.740111955543577,-7.77,8.1,3.1788,86.46,3.6024999999999996,10,24,4.87,0
1.4737720312178542,1.4651916461678314,-2.38,3.12,1.2372,31.53,1.31375,8,24,3.12,0
1.9392833727952188,1.9389565853829736,-3.11,3.34,1.6436000000000002,46.92,1.955,9,24,3.34,0
6.694905824580358,6.692453254225987,-11.83,12.42,5.837999999999999,152.25,6.34375,9,24,12.42,0
4.285390997330349,4.27476472335028,-7.17,8.35,3.7223999999999995,94.11,3.92125,9,24,8.35,0
4.023333443800054,4.022880042954301,-8.66,8.37,3.006,81.46,3.3941666666666666,10,24,2.36,0
4.320032407285853,4.318580322281849,-9.68,8.16,3.5647999999999995,95.93,3.9970833333333338,9,24,9.68,0
2.6348745700697025,2.6045196409318936,-4.75,4.98,2.1563999999999997,51.24,2.1350000000000002,8,24,4.98,0
5.448606060268992,5.426528171860899,-13.69,11.44,4.1972000000000005,110.28,4.595,9,24,4.75,0
4.72711666875274,4.716109650972928,-7.34,11.12,3.884,92.5,3.8541666666666665,8,24,11.12,0
2.516072336003081,2.5122850156779584,-4.47,5.09,2.1572000000000005,46.3,1.9291666666666665,6,24,3.49,0
9.296356705720797,9.291943986055879,-19.12,18.51,6.9392,157.86,6.577500000000001,7,24,4.07,0
2.491544099549514,2.490310309981469,-5.67,4.46,2.1128000000000005,56.669999999999995,2.3612499999999996,9,24,5.67,0
1.3152931232238692,1.3147207155894367,-2.18,1.98,1.1572,32.84,1.3683333333333334,9,24,2.18,0
1.3071602809143186,1.3070250800960173,-1.89,2.07,1.1643999999999999,32.510000000000005,1.3545833333333335,9,24,1.83,0
1.1567523503326025,1.156743982046157,-1.74,1.66,1.0252000000000001,29.380000000000003,1.2241666666666668,10,24,1.64,0
1.149135327104689,1.1491253021320171,-1.9,1.81,1.0319999999999998,27.91,1.1629166666666666,9,24,1.9,0
1.6189774550622995,1.6088503224352477,-2.42,2.96,1.3847999999999998,36.46,1.5191666666666668,10,24,2.32,0
1.2351744816016885,1.2335972762615846,-2.32,2.23,1.052,28.23,1.17625,10,24,1.75,0
1.05717169844827,1.056516994657445,-1.68,1.7,0.93,26.630000000000003,1.1095833333333334,10,24,1.54,0
1.2551509869334445,1.2550973826759422,-2.2,2.63,1.0732000000000002,28.21,1.1754166666666668,10,24,2.63,0
0.8881396286620701,0.8881381874460753,-1.84,1.68,0.6992,17.13,0.71375,10,24,1.84,0
1.1322367243646534,1.1322355938584514,-1.98,2.28,0.9592,27.07,1.1279166666666667,10,24,1.25,0
0.9377590308816013,0.9377013597089427,-1.7,1.68,0.7784,21.41,0.8920833333333333,10,24,1.7,0
0.8743248824092792,0.874304294853914,-1.51,1.46,0.7652,21.990000000000002,0.9162500000000001,10,24,1.51,0
1.1496573402540429,1.1496503816378263,-2.55,2.34,0.9344,25.57,1.0654166666666667,10,24,1.09,0
1.1610391896917176,1.160996124024538,-2.31,1.97,1.0211999999999999,28.589999999999996,1.19125,10,24,2.31,0
1.062666457549122,1.0626603596634252,-1.7,1.58,0.9420000000000001,27.28,1.1366666666666667,10,24,1.7,0
1.0095820917587632,1.0095564174428293,-1.62,1.53,0.9,26.42,1.1008333333333333,10,24,1.62,0
1.0808903737197404,1.0808885233917511,-1.66,1.71,0.9668000000000001,28.4,1.1833333333333333,10,24,1.71,0
1.0982568005707953,1.097766896932131,-1.75,1.73,0.964,26.990000000000002,1.1245833333333335,9,24,1.75,0
1.2789933541656893,1.2783166430896533,-2.29,2.5,0.9960000000000001,28.1,1.1708333333333334,10,24,2.47,0
1.8608170248576295,1.859849456273276,-3.49,3.46,1.6344000000000003,45.769999999999996,1.9070833333333332,10,23,3.49,0
1.3931015756218208,1.3930886547524532,-2.06,2.57,1.2404000000000002,33.95,1.4145833333333335,10,24,2.57,0
1.2754214989563253,1.2753160549448124,-1.84,2.05,1.1444,31.81,1.3254166666666667,10,24,2.05,0
2.828014851446152,2.815096445949943,-8.04,3.68,2.1083999999999996,53.230000000000004,2.217916666666667,8,24,2.82,0
4.607006837416242,4.594025755260847,-10.81,11.08,3.0344000000000007,65.69999999999999,2.7374999999999994,6,24,11.08,0
0.33329866486381254,0.33305278860865284,-0.58,0.68,0.2776,5.210000000000001,0.21708333333333338,5,23,0.68,0
0.16004999218994045,0.15916582547770736,-0.35,0.24,0.1288,3.41,0.14208333333333334,10,21,0.35,0
0.16164157880941402,0.1615702942994163,-0.3,0.28,0.13440000000000002,3.44,0.14333333333333334,10,24,0.3,0
0.18548315287378528,0.1854723699099141,-0.39,0.37,0.14279999999999998,3.1100000000000003,0.12958333333333336,8,23,0.11,0
0.1693517050401324,0.169162643630324,-0.31,0.27,0.13999999999999999,3.5300000000000002,0.14708333333333334,10,23,0.31,0
0.21149940898262576,0.21092330359635467,-0.35,0.37,0.18119999999999997,3.86,0.16083333333333333,7,23,0.26,0
0.13839075113604954,0.13779753263393363,-0.22,0.23,0.12319999999999999,2.99,0.12458333333333334,8,21,0.23,0
0.2113575170179665,0.21135146084188772,-0.39,0.44,0.1696,4.279999999999999,0.17833333333333332,9,22,0.22,0
0.27792085204244754,0.2776616646208115,-0.44,0.47,0.24720000000000003,5.779999999999999,0.24083333333333332,8,24,0.47,0
0.2392906182866349,0.23795999663809042,-0.41,0.4,0.2108,3.97,0.16541666666666668,7,24,0.4,0
0.20628136125205304,0.20625653929027318,-0.39,0.35,0.17360000000000003,3.8,0.15833333333333333,7,22,0.39,0
0.13264991519032346,0.13153007260698976,-0.27,0.19,0.1164,2.74,0.11416666666666668,9,24,0.27,0
0.12839003076563227,0.12833954963299507,-0.28,0.26,0.09880000000000001,2.58,0.1075,12,21,0.28,0
0.12157302332343307,0.12157236528093052,-0.24,0.26,0.10280000000000002,2.49,0.10375000000000001,9,24,0.17,0
0.20725829295832773,0.20608736011701445,-0.44,0.32,0.1764,3.36,0.13999999999999999,6,22,0.34,0
0.2160370338622524,0.21518215539398242,-0.47,0.49,0.16560000000000002,4.33,0.18041666666666667,10,24,0.49,0
0.1816700305498956,0.18134872483698364,-0.3,0.3,0.1588,4.050000000000001,0.16875000000000004,8,24,0.28,0
0.132015150645674,0.13196605624174726,-0.28,0.22,0.1092,2.54,0.10583333333333333,10,21,0.22,0
0.11984990613262908,0.11955517554669058,-0.24,0.23,0.10120000000000001,2.45,0.10208333333333335,10,22,0.23,0
0.13301127771734245,0.13243202029720758,-0.26,0.25,0.11080000000000002,2.63,0.10958333333333332,10,23,0.18,0
0.17018813119603848,0.17001835195060563,-0.28,0.3,0.146,3.88,0.16166666666666665,9,24,0.3,0
0.16239458119038333,0.16148114441011371,-0.27,0.28,0.1444,2.96,0.12333333333333334,8,24,0.27,0
0.29363923443572726,0.29332412106746353,-0.49,0.48,0.25920000000000004,6.67,0.27791666666666665,8,24,0.42,0
0.20681392603013946,0.206748542921105,-0.39,0.36,0.1716,4.67,0.19458333333333333,9,24,0.39,0
0.22937305857489018,0.22931410772126515,-0.38,0.48,0.19,4.05,0.16874999999999998,8,23,0.22,0
0.2435241261148472,0.2418151360026911,-0.53,0.49,0.19920000000000002,4.0600000000000005,0.1691666666666667,7,23,0.28,0
0.13504073459515836,0.1348694183275067,-0.31,0.21,0.11320000000000001,3.05,0.12708333333333333,10,24,0.2,0
0.15892136420255146,0.158871016865884,-0.33,0.38,0.11199999999999999,2.93,0.12208333333333334,11,21,0.27,0
0.21894291493446413,0.21889029215568243,-0.41,0.42,0.18560000000000001,4.1899999999999995,0.1745833333333333,7,24,0.42,0
0.13614697940094006,0.1351064765286994,-0.22,0.22,0.11680000000000001,2.51,0.10458333333333332,8,23,0.22,0
0.12387090053761618,0.12387090053761618,-0.23,0.3,0.09839999999999999,2.07,0.08625,8,21,0.3,0
0.22135943621178655,0.2213536536856801,-0.43,0.5,0.16079999999999997,3.6800000000000006,0.15333333333333335,10,24,0.16,0
0.24813705890092275,0.24793547547698777,-0.51,0.51,0.1916,4.07,0.16958333333333334,6,22,0.2,0
0.1459040780787158,0.14349578391019022,-0.31,0.2,0.12560000000000002,2.74,0.11416666666666668,8,23,0.19,0
0.23538903967687197,0.2339039118954619,-0.55,0.49,0.18239999999999998,4.1,0.1708333333333333,8,24,0.55,0
0.1746539435569664,0.17341095697792572,-0.33,0.3,0.14800000000000002,3.8600000000000003,0.16083333333333336,10,24,0.3,0
0.1493184516394407,0.14900952989658076,-0.29,0.28,0.1152,2.6500000000000004,0.11041666666666668,10,21,0.28,0
0.08919641248391104,0.08918834004509782,-0.18,0.19,0.07080000000000002,1.86,0.0775,12,22,0.15,0
0.13852075656738236,0.13847396867281592,-0.23,0.26,0.1164,2.63,0.10958333333333332,8,22,0.11,0
0.15928590647009547,0.15926129473290113,-0.26,0.25,0.1436,3.76,0.15666666666666665,9,24,0.26,0
0.2213775056323474,0.2213775056323474,-0.47,0.49,0.1752,4.76,0.19833333333333333,10,23,0.13,0
0.20469489490458723,0.2046757435555078,-0.34,0.34,0.17800000000000002,4.53,0.18875,9,24,0.29,0
0.19751455642559612,0.1974460939091984,-0.37,0.34,0.174,4.18,0.17416666666666666,8,24,0.27,0
0.1540519392932137,0.1537270308046051,-0.3,0.31,0.1324,3.5199999999999996,0.14666666666666664,9,23,0.31,0
0.17586358349584486,0.17574709101433228,-0.3,0.34,0.15120000000000003,3.72,0.155,7,24,0.3,0
0.1792763230323514,0.17927230684073878,-0.36,0.36,0.14279999999999998,3.51,0.14625,9,24,0.36,0
0.10624499988234742,0.1062178892654152,-0.22,0.26,0.0784,1.75,0.07291666666666667,8,19,0.07,0
0.17432154198491936,0.17421825392306053,-0.31,0.35,0.1492,3.27,0.13625,7,24,0.35,0
0.11030865786510143,0.11020417414962103,-0.18,0.22,0.0984,2.29,0.09541666666666666,8,22,0.22,0
0.15061208450851482,0.15042021140790887,-0.26,0.26,0.12279999999999999,3.35,0.13958333333333334,9,24,0.26,0
0.15468678030135607,0.15385707653533523,-0.23,0.28,0.1328,2.68,0.11166666666666668,6,24,0.23,0
0.23765521244020718,0.2374275468432423,-0.4,0.56,0.1912,4.35,0.18125,10,24,0.27,0
0.28024988849239535,0.2784626366319187,-0.56,0.47,0.23319999999999996,5.800000000000001,0.2416666666666667,9,24,0.56,0
0.17602272580550501,0.17561321134812152,-0.34,0.28,0.1552,3.66,0.1525,8,21,0.34,0
0.21219802072592478,0.21206187776212868,-0.45,0.42,0.17479999999999996,4.04,0.16833333333333333,8,23,0.2,0
0.21267816060893513,0.21265408531227423,-0.47,0.41,0.176,3.95,0.16458333333333333,8,24,0.47,0
0.15222351986470423,0.15157836257197133,-0.28,0.33,0.12360000000000002,2.91,0.12125000000000001,10,23,0.33,0
0.28469632944595546,0.28343210827286314,-0.46,0.42,0.25320000000000004,5.76,0.24,8,24,0.46,0
0.21473704850351277,0.21430594952077275,-0.39,0.37,0.1736,3.7300000000000004,0.15541666666666668,8,24,0.39,0
0.20454828280872955,0.2043917806566595,-0.34,0.38,0.18239999999999998,4.430000000000001,0.18458333333333335,8,24,0.38,0
0.23683749703119225,0.23615249310562023,-0.38,0.39,0.2028,4.47,0.18625,6,22,0.38,0
0.06493073232299171,0.06395748587929329,-0.13,0.12,0.0528,1.08,0.045000000000000005,8,21,0.13,0
0.21113029152634635,0.21109239683134018,-0.41,0.46,0.17360000000000003,4.01,0.16708333333333333,8,22,0.3,0
0.1690798627867908,0.16890896956645018,-0.31,0.3,0.1428,3.7300000000000004,0.15541666666666668,8,24,0.3,0
0.19668248523953524,0.19663326269987996,-0.36,0.31,0.1668,4.41,0.18375,10,23,0.28,0
0.14029967925836467,0.1398193119708433,-0.24,0.33,0.1124,2.7800000000000002,0.11583333333333334,11,24,0.33,0
0.1662648489609274,0.1655313867518786,-0.51,0.27,0.1228,2.93,0.12208333333333334,9,22,0.24,0
0.3863987577619783,0.3860673516369909,-0.64,0.7,0.32880000000000004,8.15,0.33958333333333335,9,24,0.61,0
0.12596824996799788,0.1259625341123304,-0.22,0.22,0.1084,2.7199999999999998,0.11333333333333333,10,24,0.22,1
0.1556920036482285,0.15534426284868072,-0.32,0.26,0.1304,2.66,0.11083333333333334,7,21,0.15,1
0.1780561709124399,0.17799146046931577,-0.35,0.34,0.15360000000000001,3.63,0.15125,7,23,0.35,1
0.16445060048537374,0.16414627622946554,-0.27,0.27,0.1396,3.2,0.13333333333333333,8,24,0.22,1
0.18257053431482312,0.18249646571920236,-0.26,0.33,0.162,3.99,0.16625,8,24,0.24,1
0.157797338380595,0.15730937670717535,-0.39,0.36,0.11560000000000001,2.75,0.11458333333333333,10,22,0.39,1
0.22475764725588315,0.22460062332950012,-0.39,0.41,0.2004,4.91,0.20458333333333334,8,23,0.32,1
0.1928730152198591,0.19287135609001144,-0.37,0.36,0.1536,3.93,0.16375,11,24,0.28,1
0.13788400922514546,0.13746039429595713,-0.28,0.24,0.11560000000000001,2.77,0.11541666666666667,9,23,0.23,1
0.2022473732833136,0.20224579105632828,-0.39,0.42,0.1616,4.369999999999999,0.1820833333333333,9,23,0.42,1
0.1866869036649331,0.18653214200239057,-0.4,0.34,0.1572,3.49,0.14541666666666667,7,21,0.19,1
0.2741459465321346,0.273057942568972,-0.5,0.52,0.22360000000000002,5.19,0.21625000000000003,8,23,0.33,1
0.3844268460968875,0.3844260136879397,-0.67,0.66,0.32480000000000003,8.01,0.33375,7,23,0.58,1
0.24495713910804887,0.24490193955948983,-0.45,0.48,0.19720000000000001,5.17,0.21541666666666667,10,24,0.32,1
0.09820386957752734,0.098203054942298,-0.15,0.19,0.08839999999999999,2.1900000000000004,0.09125000000000001,9,24,0.19,1
0.22443707358633957,0.22437682589786317,-0.38,0.44,0.1876,4.39,0.18291666666666664,9,24,0.44,1
0.21206602745371544,0.21204754183908853,-0.39,0.44,0.1724,3.71,0.15458333333333332,8,24,0.16,1
0.20312557692225763,0.20301172379939045,-0.34,0.35,0.17479999999999996,3.6799999999999997,0.15333333333333332,7,23,0.31,1
0.25963050668209237,0.25844334001865865,-0.51,0.65,0.19039999999999999,3.9799999999999995,0.1658333333333333,7,21,0.26,1
0.28352777641705584,0.2803997146931501,-0.52,0.48,0.2388,5.08,0.21166666666666667,6,23,0.52,1
0.30615682255994225,0.306144018396571,-0.5,0.53,0.27880000000000005,6.52,0.27166666666666667,7,24,0.39,1
0.2817161692200148,0.2813680863211036,-0.68,0.51,0.234,4.78,0.1991666666666667,7,24,0.32,1
0.330145422503478,0.3287795614085523,-0.58,0.72,0.2772,6.46,0.26916666666666667,8,24,0.72,1
0.2441147271264067,0.24389309133306747,-0.37,0.4,0.2064,5.13,0.21375,9,24,0.38,1
0.14038518440348327,0.1401336504912364,-0.25,0.31,0.106,2.65,0.11041666666666666,8,20,0.31,1
0.1605615146914104,0.16024980499208105,-0.32,0.31,0.1348,3.71,0.15458333333333332,9,23,0.32,1
0.20044949488586894,0.19984153722387143,-0.35,0.49,0.166,3.29,0.13708333333333333,8,23,0.19,1
0.21143320458244017,0.2092363257180741,-0.49,0.43,0.16720000000000002,3.95,0.16458333333333333,8,24,0.49,1
0.13526270735128734,0.13479821957281185,-0.22,0.3,0.11199999999999999,2.7,0.1125,8,23,0.21,1
0.2363302773662317,0.2363028565210332,-0.37,0.35,0.21,5.77,0.24041666666666664,9,24,0.37,1
0.23803361107205007,0.2378853505367659,-0.41,0.36,0.1996,5.21,0.21708333333333332,9,23,0.41,1
0.1823403411206637,0.1823403411206637,-0.37,0.38,0.1448,3.4699999999999998,0.1445833333333333,9,24,0.38,1
0.08593020423576335,0.08589668212451515,-0.16,0.2,0.07120000000000001,1.67,0.06958333333333333,9,23,0.09,1
0.19716997743064232,0.19687396983857464,-0.36,0.37,0.16599999999999998,3.64,0.15166666666666667,8,22,0.21,1
0.2433844695127444,0.24323947048125227,-0.5,0.47,0.1876,4.57,0.19041666666666668,8,23,0.25,1
0.24344198487524704,0.24337756675585365,-0.41,0.46,0.20720000000000002,4.64,0.19333333333333333,7,24,0.37,1
0.2539842514802837,0.2539461360210074,-0.44,0.45,0.19720000000000001,4.949999999999999,0.20624999999999996,10,23,0.35,1
0.11668761716651858,0.11646527379438044,-0.22,0.25,0.0992,2.2300000000000004,0.09291666666666669,9,23,0.25,1
0.09217374897442329,0.09158515163496755,-0.2,0.16,0.0776,1.63,0.06791666666666667,7,20,0.2,1
0.04894895300208167,0.04893424159011765,-0.1,0.08,0.042,1.1500000000000001,0.04791666666666667,10,21,0.08,1
0.20001999900009998,0.19982632459213176,-0.35,0.36,0.1696,4.2700000000000005,0.1779166666666667,9,24,0.36,1
0.21520223047171236,0.21448132785862736,-0.43,0.47,0.1784,4.25,0.17708333333333334,8,23,0.14,1
0.16828547174370104,0.16773502913822147,-0.44,0.28,0.1376,3.3200000000000003,0.13833333333333334,9,23,0.44,1
0.11014535850411492,0.10961459756802466,-0.18,0.25,0.09480000000000001,2.33,0.09708333333333334,9,22,0.17,1
0.2588667610953558,0.25755776051208396,-0.48,0.5,0.2084,4.800000000000001,0.20000000000000004,10,24,0.24,1
0.1839565166010707,0.18389388244310903,-0.35,0.45,0.1448,3.16,0.13166666666666668,7,22,0.45,1
0.2724334781189713,0.2714777338935921,-0.48,0.44,0.23240000000000002,5.45,0.22708333333333333,9,24,0.48,1
0.11556816170554933,0.11541230437002808,-0.25,0.18,0.10200000000000001,2.58,0.1075,9,22,0.25,1
0.25558560209839676,0.2553898979991182,-0.4,0.46,0.22040000000000004,5.720000000000001,0.23833333333333337,9,24,0.29,1
0.21933535966642495,0.21914232817965593,-0.54,0.52,0.17160000000000003,3.89,0.16208333333333333,8,23,0.54,1
0.14768886213929608,0.14756693396557374,-0.26,0.25,0.12599999999999997,3.23,0.13458333333333333,10,23,0.15,1
0.1355138369318794,0.13315014081855114,-0.21,0.32,0.11,2.61,0.10875,8,22,0.32,0
0.10884851859350222,0.10866020430682062,-0.22,0.21,0.0872,2.0599999999999996,0.08583333333333332,8,21,0.22,0
0.23591523901605002,0.23577955806218653,-0.32,0.36,0.21359999999999996,4.4399999999999995,0.18499999999999997,7,24,0.34,0
0.1811629101113139,0.18106352476410043,-0.28,0.29,0.1628,4.59,0.19125,10,24,0.28,0
0.2003696583817021,0.20027980427392075,-0.34,0.34,0.17480000000000004,3.96,0.165,8,24,0.34,0
0.09939818911831341,0.09934666577193217,-0.17,0.24,0.0808,1.86,0.0775,9,22,0.18,0
0.16376812876747418,0.16350951042676387,-0.28,0.25,0.1484,3.08,0.12833333333333333,7,23,0.24,0
0.1563841424185969,0.15637595723128286,-0.32,0.32,0.124,2.95,0.12291666666666667,8,23,0.2,0
0.19787875075409184,0.1978589396514598,-0.4,0.37,0.1764,3.8400000000000003,0.16,7,24,0.24,0
0.19594897294959218,0.19399546386449348,-0.34,0.39,0.1716,3.88,0.16166666666666665,7,23,0.39,0
0.1404136745477448,0.1402489215644812,-0.26,0.22,0.1188,2.48,0.10333333333333333,8,24,0.22,0
0.13026127590347025,0.1298454465893972,-0.26,0.3,0.10000000000000002,2.23,0.09291666666666666,6,22,0.09,0
0.20756685669923317,0.20756338790836884,-0.46,0.41,0.17,4.06,0.16916666666666666,9,24,0.25,0
0.14270248771482577,0.14267501533204754,-0.26,0.23,0.12040000000000001,2.58,0.1075,9,22,0.23,0
0.24547097588106012,0.24528318328006102,-0.44,0.42,0.20800000000000002,4.82,0.20083333333333334,7,23,0.44,0
0.14299650345375584,0.1417016584236049,-0.3,0.29,0.1184,2.5100000000000002,0.10458333333333335,6,24,0.17,0
0.1771665882721683,0.17683710017979823,-0.35,0.37,0.1484,3.67,0.15291666666666667,7,23,0.37,0
0.1150651989091402,0.11466403097746042,-0.26,0.2,0.09440000000000001,2.2800000000000002,0.09500000000000001,9,23,0.2,0
0.2655032956480955,0.2649963018609882,-0.47,0.44,0.23479999999999998,5.89,0.24541666666666664,7,24,0.47,0
0.19502820308868152,0.19497856292423535,-0.34,0.33,0.16440000000000002,3.9000000000000004,0.1625,8,23,0.23,0
0.14886235252742716,0.14882795436341925,-0.36,0.33,0.11520000000000001,2.72,0.11333333333333334,8,23,0.36,0
0.13305637902783918,0.13303473230701823,-0.26,0.3,0.10640000000000001,2.19,0.09125,7,21,0.26,0
0.19375241933973367,0.19373218627786143,-0.42,0.43,0.1404,3.5599999999999996,0.14833333333333332,9,21,0.04,0
0.11056219968868204,0.11021143316371491,-0.18,0.22,0.0944,2.05,0.08541666666666665,8,22,0.22,0
0.1389100428334827,0.13863102105950167,-0.28,0.32,0.1088,2.68,0.11166666666666668,8,21,0.32,0
0.12262136844775466,0.12214483206423431,-0.31,0.27,0.0964,2.51,0.10458333333333332,8,22,0.31,0
0.1805436235373601,0.18053254554234813,-0.3,0.41,0.1484,3.2199999999999998,0.13416666666666666,7,22,0.22,0
0.1662648489609274,0.16620661840011067,-0.33,0.32,0.1348,3.3400000000000003,0.1391666666666667,8,24,0.33,0
0.1718604084715267,0.17163496147347138,-0.31,0.37,0.1416,3.36,0.13999999999999999,8,24,0.17,0
0.24084850009912873,0.24076345237597835,-0.37,0.39,0.2104,4.81,0.20041666666666666,8,24,0.37,0
0.15291827882892223,0.152815705999089,-0.27,0.27,0.12479999999999998,2.9800000000000004,0.12416666666666669,9,23,0.24,0
0.2663306215965412,0.2660418012267997,-0.44,0.49,0.222,4.7700000000000005,0.19875,7,23,0.49,0
0.10658330075579384,0.10647516142274685,-0.2,0.15,0.08959999999999999,1.72,0.07166666666666667,6,22,0.2,0
0.1574166446091391,0.15735513973175455,-0.3,0.29,0.126,2.6900000000000004,0.11208333333333335,8,21,0.23,0
0.17580671204479084,0.1758026165903113,-0.38,0.38,0.1444,3.49,0.14541666666666667,8,22,0.14,0
0.13186356585501546,0.13168811639627928,-0.24,0.25,0.1092,2.59,0.10791666666666666,9,22,0.11,0
0.19258244987537157,0.1924162155328911,-0.36,0.4,0.1592,3.48,0.145,8,23,0.4,0
0.14374978260853127,0.14374755650097154,-0.26,0.31,0.11600000000000002,2.45,0.10208333333333335,9,23,0.19,0
0.3394937407375871,0.3394899703967703,-0.7,0.76,0.26,6.16,0.25666666666666665,8,24,0.47,0
0.20602912415481459,0.20597320214047263,-0.46,0.47,0.14800000000000002,3.41,0.14208333333333334,7,22,0.47,0
0.10211757928975795,0.10209799214480175,-0.19,0.19,0.08839999999999999,2.05,0.08541666666666665,8,22,0.12,0
0.15700955384943938,0.15692342081410282,-0.3,0.32,0.1228,2.52,0.105,9,22,0.14,0
0.14494136745594752,0.14493915964983375,-0.25,0.25,0.1208,3.17,0.13208333333333333,10,24,0.25,0
0.1807207791041196,0.18071679501363452,-0.38,0.35,0.1484,3.11,0.12958333333333333,7,24,0.38,0
0.15993748778819805,0.15967266516219988,-0.3,0.32,0.1332,3.37,0.14041666666666666,8,23,0.3,1
0.22945151993395033,0.22943896791957552,-0.4,0.4,0.1888,4.58,0.19083333333333333,8,24,0.4,1
0.22765763769309388,0.22753074517524,-0.44,0.51,0.166,3.8600000000000003,0.16083333333333336,8,24,0.11,1
0.18465102220134066,0.18414950447937675,-0.39,0.44,0.1512,3.2700000000000005,0.13625,6,23,0.44,1
0.32302321897968883,0.3227367967864836,-0.6,0.63,0.276,6.260000000000001,0.26083333333333336,7,24,0.46,1
0.11617228585166085,0.11594895428592707,-0.21,0.2,0.10159999999999998,2.46,0.1025,7,23,0.18,1
0.10287856919689348,0.10285057121863737,-0.2,0.21,0.0808,1.74,0.0725,6,22,0.11,1
0.10781465577554844,0.10684867804516816,-0.2,0.2,0.08959999999999999,2.08,0.08666666666666667,7,22,0.2,1
0.1841738309315414,0.18400000000000002,-0.43,0.38,0.14959999999999998,3.24,0.135,7,22,0.21,1
0.20533874451744366,0.20519805067300223,-0.35,0.33,0.1748,3.62,0.15083333333333335,6,24,0.33,1
0.18737128915604973,0.18701187128094302,-0.32,0.38,0.1484,3.6199999999999997,0.15083333333333332,9,23,0.31,1
0.2507907494306758,0.2505750187069733,-0.47,0.47,0.20559999999999998,4.45,0.18541666666666667,7,23,0.34,1
0.20375475454575287,0.2037355148225267,-0.39,0.35,0.17639999999999997,4.220000000000001,0.17583333333333337,8,24,0.35,1
0.10864621484432857,0.10861012844113573,-0.23,0.24,0.0908,2.0300000000000002,0.08458333333333334,8,21,0.24,1
0.17204650534085256,0.17204464536857866,-0.36,0.31,0.1328,2.9299999999999997,0.12208333333333332,7,22,0.36,1
0.2032633759436264,0.203149600048831,-0.36,0.35,0.1788,4.11,0.17125,8,23,0.29,1
0.26960712156766187,0.26886427802889695,-0.5,0.56,0.22400000000000003,5.200000000000001,0.2166666666666667,7,24,0.28,1
0.14096808149364878,0.14058392511236836,-0.24,0.21,0.12160000000000001,2.2700000000000005,0.09458333333333335,7,24,0.21,1
0.18655830187906408,0.18560862048945895,-0.37,0.38,0.1548,3.73,0.15541666666666668,9,23,0.19,1
0.20138520303140447,0.20113676938839403,-0.34,0.38,0.1716,4.370000000000001,0.18208333333333337,8,24,0.29,1
0.10884851859350222,0.10884557868834177,-0.2,0.19,0.092,2.5300000000000002,0.10541666666666667,10,23,0.2,1
0.23429041807124762,0.23428188150174992,-0.44,0.49,0.19479999999999997,4.57,0.19041666666666668,8,23,0.44,1
0.2481612379079376,0.24812899870833316,-0.43,0.43,0.20480000000000004,4.59,0.19125,10,23,0.33,1
0.09395743717237078,0.09395658571915011,-0.19,0.17,0.0764,1.8199999999999998,0.07583333333333332,10,24,0.14,1
0.1591979899370592,0.15918994943148893,-0.24,0.24,0.14,3.33,0.13875,8,23,0.21,1
0.1987762561273353,0.19876176694726783,-0.38,0.37,0.16720000000000002,4.26,0.1775,8,24,0.29,1
0.14892951352905173,0.14886450214876615,-0.37,0.36,0.11159999999999998,2.7199999999999998,0.11333333333333333,11,24,0.37,1
0.09651942809610922,0.09621974849270809,-0.18,0.18,0.08199999999999999,1.5999999999999999,0.06666666666666667,7,23,0.14,1
0.10881176406988355,0.10866756645844242,-0.18,0.16,0.09280000000000001,2.5999999999999996,0.10833333333333332,10,24,0.18,1
0.12237646832622683,0.12220900130514119,-0.22,0.23,0.1056,2.27,0.09458333333333334,8,21,0.16,1
0.3097676548640933,0.3097240061732381,-0.61,0.56,0.2692,6.37,0.2654166666666667,9,24,0.33,1
0.14601369798755184,0.14545157269689454,-0.24,0.24,0.128,3.3099999999999996,0.13791666666666666,11,24,0.22,1
0.16008747608729423,0.15994298984325633,-0.34,0.31,0.1348,3.49,0.14541666666666667,10,23,0.34,1
0.1852889635137506,0.1849254985122387,-0.32,0.35,0.1604,3.3800000000000003,0.14083333333333334,7,24,0.25,1
0.15046594299043223,0.15045743584150303,-0.28,0.24,0.1232,3.07,0.12791666666666665,9,23,0.24,1
0.25083859352181037,0.2503277851138383,-0.46,0.47,0.2144,5.88,0.245,9,24,0.33,1
0.24532427519509764,0.24516639247661984,-0.44,0.42,0.2112,4.43,0.18458333333333332,7,24,0.28,1
0.1756359872008012,0.17537343014265303,-0.3,0.27,0.1528,4.29,0.17875,10,23,0.3,1
0.17536248173426378,0.17500445708609824,-0.3,0.34,0.1568,3.51,0.14625,7,24,0.34,1
